"","freq","prev","p.freq","p.prev","p","contaminant"
"AAC2-PRIME",0.00144475472909455,49,NA,0.894871794871795,0.894871794871795,FALSE
"AAC3",0.00985196074949655,64,NA,0.703296703296703,0.703296703296703,FALSE
"AAC6-PRIME",0.0103638771723442,74,NA,0.813186813186813,0.813186813186813,FALSE
"ABCA",0.000117854535700794,28,NA,0.761538461538461,0.761538461538461,FALSE
"ACC",0.000125188513255029,22,NA,0.713553113553114,0.713553113553114,FALSE
"ACN",0.00761323136524983,61,NA,0.946886446886447,0.946886446886447,FALSE
"ACRA",0.00183501856905434,51,NA,0.904761904761905,0.904761904761905,FALSE
"ACRB",0.00455854966773934,70,NA,0.974358974358974,0.974358974358974,FALSE
"ACRC",0.000866550469718001,49,NA,0.894871794871795,0.894871794871795,FALSE
"ACRD",0.00675955758413093,74,NA,0.983394383394383,0.983394383394383,FALSE
"ACRE",0.00260138950249494,34,NA,0.0684981684981686,0.0684981684981686,TRUE
"ACRF",0.00503707106382679,55,NA,0.604395604395604,0.604395604395604,FALSE
"ACRS",0.000786768179538471,20,NA,0.21978021978022,0.21978021978022,TRUE
"ACT",0.00114285339650963,52,NA,0.571428571428571,0.571428571428571,FALSE
"ACTA",0.00100486425293204,46,NA,0.505494505494505,0.505494505494505,FALSE
"ACTP",0.00346807373137321,50,NA,0.54945054945055,0.54945054945055,FALSE
"ACTP1",0.00137928500753831,53,NA,0.914163614163614,0.914163614163614,FALSE
"ACTPC",0.0039787570480917,53,NA,0.914163614163614,0.914163614163614,FALSE
"ACTR",0.0006225312986918,42,NA,0.856410256410256,0.856410256410256,FALSE
"ACTS",0.000566681218143712,45,NA,0.873626373626374,0.873626373626374,FALSE
"ADC",0.000308049688578446,35,NA,0.811965811965812,0.811965811965812,FALSE
"ADEB",1.8740626982886e-05,7,NA,0.574358974358974,0.574358974358974,FALSE
"ADED",7.39748516650538e-06,4,NA,0.543223443223443,0.543223443223443,FALSE
"ADEE",5.08340114429955e-05,16,NA,0.661172161172161,0.661172161172161,FALSE
"ADEG",0.000315371789993908,20,NA,0.696581196581197,0.696581196581197,FALSE
"ADEJ",0.000122937406595315,23,NA,0.721855921855922,0.721855921855922,FALSE
"ADEK",3.01248482350646e-05,4,NA,0.543223443223443,0.543223443223443,FALSE
"AER",6.95746876351246e-05,21,NA,0.705128205128205,0.705128205128205,FALSE
"AFM",0.000644553956543969,44,NA,0.868009768009768,0.868009768009768,FALSE
"AIM",0.000369954411510024,40,NA,0.844322344322344,0.844322344322344,FALSE
"AIOA",2.12964041526207e-05,5,NA,0.553724053724054,0.553724053724054,FALSE
"AIOE",0.000319882251785276,39,NA,0.838095238095238,0.838095238095238,FALSE
"AIOR",0.000495822068640733,37,NA,0.825274725274725,0.825274725274725,FALSE
"AIOS",0.000116434240296147,26,NA,0.746031746031746,0.746031746031746,FALSE
"AIOX",0.000515608513548804,38,NA,0.831746031746032,0.831746031746032,FALSE
"ALG",0.00161080208361135,51,NA,0.56043956043956,0.56043956043956,FALSE
"ALI",4.34538817043341e-06,2,NA,0.521855921855922,0.521855921855922,FALSE
"ALU1P",6.27612160055521e-06,4,NA,0.543223443223443,0.543223443223443,FALSE
"AMPC",0.000499831566431736,45,NA,0.873626373626374,0.873626373626374,FALSE
"AMPH",0.00251203284721168,63,NA,0.953846153846154,0.953846153846154,FALSE
"AMRA",0.00219457043821408,50,NA,0.8998778998779,0.8998778998779,FALSE
"AMRB",0.00498227478045894,53,NA,0.914163614163614,0.914163614163614,FALSE
"ANA",0.000958750785763628,49,NA,0.538461538461539,0.538461538461539,FALSE
"ANT2-DPRIME",0.000118159628418121,21,NA,0.705128205128205,0.705128205128205,FALSE
"ANT3-DPRIME",0.00332865848807399,66,NA,0.963369963369963,0.963369963369963,FALSE
"ANT4-PRIME",0.00947855166890748,74,NA,0.813186813186813,0.813186813186813,FALSE
"ANT6",0.000857251797234646,34,NA,0.373626373626374,0.373626373626374,TRUE
"ANT9",0.00034676991331961,12,NA,0.623809523809524,0.623809523809524,FALSE
"APH2-DPRIME",0.000472290707284857,11,NA,0.614163614163614,0.614163614163614,FALSE
"APH3-DPRIME",0.00762622917624047,73,NA,0.802197802197802,0.802197802197802,FALSE
"APH3-PRIME",0.00304652555598608,56,NA,0.927350427350427,0.927350427350427,FALSE
"APH4",0.000205458598058493,29,NA,0.769108669108669,0.769108669108669,FALSE
"APH6",0.00451143897196281,62,NA,0.681318681318681,0.681318681318681,FALSE
"APH7-DPRIME",0.000572715419438549,45,NA,0.873626373626374,0.873626373626374,FALSE
"APH9",0.000394578964888187,42,NA,0.856410256410256,0.856410256410256,FALSE
"APMA",4.40824629722928e-05,6,NA,0.564102564102564,0.564102564102564,FALSE
"AQU",0.000466473790252613,40,NA,0.844322344322344,0.844322344322344,FALSE
"ARIR",0.000122770619546323,9,NA,0.594505494505495,0.594505494505495,FALSE
"ARLR",9.36016246441115e-05,18,NA,0.679120879120879,0.679120879120879,FALSE
"ARMR",5.49744086961094e-05,4,NA,0.543223443223443,0.543223443223443,FALSE
"ARNA",0.0023846074070236,58,NA,0.637362637362637,0.637362637362637,FALSE
"ARR",0.00069879398854338,47,NA,0.884493284493284,0.884493284493284,FALSE
"ARRA",0.000317173450129612,32,NA,0.791086691086691,0.791086691086691,FALSE
"ARSA",0.000344093804956532,39,NA,0.838095238095238,0.838095238095238,FALSE
"ARSB",0.000259797449010669,30,NA,0.776556776556776,0.776556776556776,FALSE
"ARSBM",0.00188636289369268,67,NA,0.736263736263736,0.736263736263736,FALSE
"ARSC",0.000103540047903746,4,NA,0.543223443223443,0.543223443223443,FALSE
"ARSCM",0.00087508110140164,36,NA,0.818681318681319,0.818681318681319,FALSE
"ARSH",7.5143322893612e-05,17,NA,0.67020757020757,0.67020757020757,FALSE
"ARSM",0.000984405914177236,46,NA,0.505494505494505,0.505494505494505,FALSE
"ARSR",0.00147710224077249,24,NA,0.73003663003663,0.73003663003663,FALSE
"ARST",0.001295934668739,51,NA,0.904761904761905,0.904761904761905,FALSE
"ASMA",0.00285902343480648,69,NA,0.971794871794872,0.971794871794872,FALSE
"ASR",0.000101929141519717,8,NA,0.584493284493284,0.584493284493284,FALSE
"AST",0.00112126431368064,46,NA,0.879120879120879,0.879120879120879,FALSE
"AXC",0.00055325896773857,42,NA,0.856410256410256,0.856410256410256,FALSE
"AXY",0.00560508170022477,53,NA,0.914163614163614,0.914163614163614,FALSE
"BACA",0.00126511599874867,30,NA,0.776556776556776,0.776556776556776,FALSE
"BAER",0.00126686083174446,51,NA,0.904761904761905,0.904761904761905,FALSE
"BAES",0.00194059202855807,61,NA,0.946886446886447,0.946886446886447,FALSE
"BAHA",0.000110738638519798,24,NA,0.73003663003663,0.73003663003663,FALSE
"BASRS",0.00133887949093014,49,NA,0.894871794871795,0.894871794871795,FALSE
"BC",4.06638333745946e-06,4,NA,0.543223443223443,0.543223443223443,FALSE
"BCII",0.000170023909741136,6,NA,0.564102564102564,0.564102564102564,FALSE
"BCL",6.7579209482792e-05,18,NA,0.679120879120879,0.679120879120879,FALSE
"BCR",0.00134653911607951,41,NA,0.85042735042735,0.85042735042735,FALSE
"BCR1",0.0016190122228405,51,NA,0.56043956043956,0.56043956043956,FALSE
"BCRA",0.000119219539097474,22,NA,0.713553113553114,0.713553113553114,FALSE
"BCRB",0.000163230161183642,31,NA,0.783882783882784,0.783882783882784,FALSE
"BEPC",0.000124655721406513,15,NA,0.652014652014652,0.652014652014652,FALSE
"BEPD",0.000601450156212155,39,NA,0.838095238095238,0.838095238095238,FALSE
"BEPE",0.00184951850779537,49,NA,0.894871794871795,0.894871794871795,FALSE
"BEPF",0.000329745858364941,40,NA,0.844322344322344,0.844322344322344,FALSE
"BEPG",0.00176969234508555,53,NA,0.914163614163614,0.914163614163614,FALSE
"BES",0.000153914059117971,22,NA,0.713553113553114,0.713553113553114,FALSE
"BEXA",6.75681395117091e-05,15,NA,0.652014652014652,0.652014652014652,FALSE
"BHSA",0.000217764813930761,9,NA,0.594505494505495,0.594505494505495,FALSE
"BIC",1.31104787665381e-05,7,NA,0.574358974358974,0.574358974358974,FALSE
"BIL",2.51582107125683e-05,12,NA,0.623809523809524,0.623809523809524,FALSE
"BJP1",0.0013748755710195,45,NA,0.873626373626374,0.873626373626374,FALSE
"BKC",0.0008187532735495,48,NA,0.88974358974359,0.88974358974359,FALSE
"BLA1",1.57261737996737e-05,5,NA,0.553724053724054,0.553724053724054,FALSE
"BLAA",0.000671122138621554,44,NA,0.868009768009768,0.868009768009768,FALSE
"BLAB",1.8779664355121e-05,8,NA,0.584493284493284,0.584493284493284,FALSE
"BLAC",0.000451983596895457,44,NA,0.868009768009768,0.868009768009768,FALSE
"BLACRP",0.000393885601916435,39,NA,0.838095238095238,0.838095238095238,FALSE
"BLAE",0.000365727345257954,39,NA,0.838095238095238,0.838095238095238,FALSE
"BLAEAM",0.000308215420165669,40,NA,0.844322344322344,0.844322344322344,FALSE
"BLAEC",0.00205114327069347,29,NA,0.769108669108669,0.769108669108669,FALSE
"BLAECM",0.00072492461929584,44,NA,0.868009768009768,0.868009768009768,FALSE
"BLAF",0.000821762920028199,43,NA,0.862271062271062,0.862271062271062,FALSE
"BLAI",3.52053230777473e-05,7,NA,0.574358974358974,0.574358974358974,FALSE
"BLAL",0.00126624125047806,46,NA,0.879120879120879,0.879120879120879,FALSE
"BLAP",0.00166121132351335,24,NA,0.73003663003663,0.73003663003663,FALSE
"BLAPAM",0.000577355763304542,43,NA,0.862271062271062,0.862271062271062,FALSE
"BLAPLA",6.29812594083471e-05,19,NA,0.687912087912088,0.687912087912088,FALSE
"BLAR",7.1151441914888e-05,5,NA,0.553724053724054,0.553724053724054,FALSE
"BLAS",0.000413975554548073,42,NA,0.461538461538462,0.461538461538462,TRUE
"BLASGM",0.00628509919217897,59,NA,0.648351648351648,0.648351648351648,FALSE
"BLAZ",0.000197297192673684,25,NA,0.738095238095238,0.738095238095238,FALSE
"BLE",0.000423048553912006,39,NA,0.838095238095238,0.838095238095238,FALSE
"BLM",0.000715783252242051,44,NA,0.868009768009768,0.868009768009768,FALSE
"BLT",0.000165159248208059,5,NA,0.553724053724054,0.553724053724054,FALSE
"BLTR",1.55222027721927e-05,2,NA,0.521855921855922,0.521855921855922,FALSE
"BMR",0.00022902626764964,18,NA,0.679120879120879,0.679120879120879,FALSE
"BRP",0.000110105291765074,26,NA,0.746031746031746,0.746031746031746,FALSE
"BSU",1.79103373614394e-05,10,NA,0.604395604395604,0.604395604395604,FALSE
"BUT",0.000421641376871501,33,NA,0.798168498168498,0.798168498168498,FALSE
"CADA",3.79383150815366e-05,6,NA,0.564102564102564,0.564102564102564,FALSE
"CADR",0.000119633715083205,27,NA,0.753846153846154,0.753846153846154,FALSE
"CADX",2.97485603438826e-05,2,NA,0.521855921855922,0.521855921855922,FALSE
"CAM",0.000170357729165227,36,NA,0.818681318681319,0.818681318681319,FALSE
"CARA",0.00278275876380781,55,NA,0.923076923076923,0.923076923076923,FALSE
"CARB",0.000795206792995834,37,NA,0.825274725274725,0.825274725274725,FALSE
"CAT",0.000809668731297128,51,NA,0.904761904761905,0.904761904761905,FALSE
"CATA",0.000415486180485254,37,NA,0.825274725274725,0.825274725274725,FALSE
"CAU",0.000369041069396156,38,NA,0.831746031746032,0.831746031746032,FALSE
"CBLA",2.53787782656143e-05,1,NA,NA,NA,FALSE
"CEOA",0.00178369228489849,51,NA,0.904761904761905,0.904761904761905,FALSE
"CEOB",0.00615629152966471,56,NA,0.615384615384615,0.615384615384615,FALSE
"CEPAB",0.000542589558278076,50,NA,0.8998778998779,0.8998778998779,FALSE
"CEPH",0.00025060959662017,32,NA,0.791086691086691,0.791086691086691,FALSE
"CEPS",0.000231103988147108,32,NA,0.791086691086691,0.791086691086691,FALSE
"CEUE",1.02370155664107e-05,6,NA,0.564102564102564,0.564102564102564,FALSE
"CFE",5.68338714804913e-05,17,NA,0.67020757020757,0.67020757020757,FALSE
"CFIA",0.000236569764909082,22,NA,0.713553113553114,0.713553113553114,FALSE
"CFR",0.00252475119334293,23,NA,0.721855921855922,0.721855921855922,FALSE
"CFX",0.0001262084661834,4,NA,0.543223443223443,0.543223443223443,FALSE
"CGA",4.64171075612097e-06,3,NA,0.532600732600733,0.532600732600733,FALSE
"CHAA",0.0011166902477984,35,NA,0.811965811965812,0.811965811965812,FALSE
"CHR",0.000441867284796966,38,NA,0.417582417582418,0.417582417582418,TRUE
"CHRA",0.00125910085187679,51,NA,0.904761904761905,0.904761904761905,FALSE
"CHRB",0.000225536864835678,37,NA,0.825274725274725,0.825274725274725,FALSE
"CHRB1",0.000262103800688676,32,NA,0.791086691086691,0.791086691086691,FALSE
"CHRBM",0.000343820013831996,40,NA,0.844322344322344,0.844322344322344,FALSE
"CHRC",0.000225674520536404,30,NA,0.32967032967033,0.32967032967033,TRUE
"CHRE",7.95511486254253e-06,5,NA,0.553724053724054,0.553724053724054,FALSE
"CHRF",6.56483381071061e-05,18,NA,0.679120879120879,0.679120879120879,FALSE
"CINA",0.000241629103111941,34,NA,0.805128205128205,0.805128205128205,FALSE
"CKO",0.000140538266380659,25,NA,0.738095238095238,0.738095238095238,FALSE
"CLBC",3.10356274920785e-05,12,NA,0.623809523809524,0.623809523809524,FALSE
"CMA",0.000181918955447175,26,NA,0.746031746031746,0.746031746031746,FALSE
"CMEB",7.44350490301549e-05,12,NA,0.623809523809524,0.623809523809524,FALSE
"CMH",0.000125667308453782,22,NA,0.713553113553114,0.713553113553114,FALSE
"CMLA",0.000339713924937542,34,NA,0.805128205128205,0.805128205128205,FALSE
"CMLB",0.000170812020221139,36,NA,0.818681318681319,0.818681318681319,FALSE
"CMLR",0.000743214135229945,43,NA,0.472527472527473,0.472527472527473,TRUE
"CMLV",0.00162934803620292,47,NA,0.884493284493284,0.884493284493284,FALSE
"CMR",0.000196387012876517,14,NA,0.642735042735043,0.642735042735043,FALSE
"CMRA",0.000455371343879047,35,NA,0.811965811965812,0.811965811965812,FALSE
"CMTR",4.76087609413847e-06,4,NA,0.543223443223443,0.543223443223443,FALSE
"CMX",0.000820986590939862,35,NA,0.384615384615385,0.384615384615385,TRUE
"CMY",0.00166531493273994,51,NA,0.904761904761905,0.904761904761905,FALSE
"CNRA",0.00605066196018977,54,NA,0.593406593406593,0.593406593406593,FALSE
"CNRB",0.000369828331525147,43,NA,0.862271062271062,0.862271062271062,FALSE
"CNRC",0.000328565437816775,38,NA,0.831746031746032,0.831746031746032,FALSE
"CNRH",0.000194645092920478,28,NA,0.761538461538461,0.761538461538461,FALSE
"CNRR",8.89839156906731e-05,16,NA,0.661172161172161,0.661172161172161,FALSE
"CNRT",0.000146528470843479,30,NA,0.776556776556776,0.776556776556776,FALSE
"CNRY",3.26721549231284e-05,13,NA,0.633333333333333,0.633333333333333,FALSE
"COMR",0.000393829095171904,35,NA,0.811965811965812,0.811965811965812,FALSE
"COPA",0.0109551436638123,81,NA,0.395604395604396,0.395604395604396,TRUE
"COPAM",0.000749121229870721,44,NA,0.868009768009768,0.868009768009768,FALSE
"COPB",0.00217080042625776,52,NA,0.90952380952381,0.90952380952381,FALSE
"COPBM",0.000424094079801592,12,NA,0.623809523809524,0.623809523809524,FALSE
"COPC",0.000582184922243866,42,NA,0.856410256410256,0.856410256410256,FALSE
"COPD",0.00387157963977972,71,NA,0.976800976800977,0.976800976800977,FALSE
"COPF",0.00161058138338703,50,NA,0.8998778998779,0.8998778998779,FALSE
"COPG",0.000284355079075792,35,NA,0.811965811965812,0.811965811965812,FALSE
"COPJ",6.50367725941623e-05,13,NA,0.633333333333333,0.633333333333333,FALSE
"COPK",5.29948331780525e-06,2,NA,0.521855921855922,0.521855921855922,FALSE
"COPL",0.000101350803891485,30,NA,0.776556776556776,0.776556776556776,FALSE
"COPM",0.000229218085618446,34,NA,0.805128205128205,0.805128205128205,FALSE
"COPR",0.00142220271535321,48,NA,0.88974358974359,0.88974358974359,FALSE
"COPS",0.00128661745918887,47,NA,0.516483516483516,0.516483516483516,FALSE
"COPV",0.000655048031855498,41,NA,0.85042735042735,0.85042735042735,FALSE
"COPY",0.000299036579858498,4,NA,0.543223443223443,0.543223443223443,FALSE
"COPZ",4.66455338927755e-05,3,NA,0.532600732600733,0.532600732600733,FALSE
"CORA",0.00206731559543272,57,NA,0.931501831501832,0.931501831501832,FALSE
"CORB",0.00102923059980961,47,NA,0.884493284493284,0.884493284493284,FALSE
"CORC",0.0010950679163376,40,NA,0.43956043956044,0.43956043956044,TRUE
"CORD",0.00146056044685187,20,NA,0.696581196581197,0.696581196581197,FALSE
"CORR",0.0010522437567627,49,NA,0.894871794871795,0.894871794871795,FALSE
"CORS",0.000638869306669884,42,NA,0.856410256410256,0.856410256410256,FALSE
"CORT",0.00016918294376986,32,NA,0.791086691086691,0.791086691086691,FALSE
"CPAA",6.75001922723201e-05,13,NA,0.633333333333333,0.633333333333333,FALSE
"CPHA",0.00107776008345003,46,NA,0.879120879120879,0.879120879120879,FALSE
"CPT",0.00075873014361035,46,NA,0.879120879120879,0.879120879120879,FALSE
"CPXAR",0.00699113203777428,75,NA,0.338827838827839,0.338827838827839,TRUE
"CRD",0.000479594277485563,42,NA,0.856410256410256,0.856410256410256,FALSE
"CRDB",3.60046266784418e-05,13,NA,0.633333333333333,0.633333333333333,FALSE
"CRH",0.00413557683873144,74,NA,0.983394383394383,0.983394383394383,FALSE
"CRP",0.000834342169412824,20,NA,0.696581196581197,0.696581196581197,FALSE
"CSA",0.000304839669141625,37,NA,0.825274725274725,0.825274725274725,FALSE
"CTPC",0.00362642523681841,57,NA,0.931501831501832,0.931501831501832,FALSE
"CTPD",0.00139882853469652,45,NA,0.873626373626374,0.873626373626374,FALSE
"CTPG",0.00180349637180333,52,NA,0.90952380952381,0.90952380952381,FALSE
"CTPV",0.00272619013676446,50,NA,0.8998778998779,0.8998778998779,FALSE
"CTX",0.00355813709719776,67,NA,0.966300366300366,0.966300366300366,FALSE
"CUEA",0.00354100979922889,55,NA,0.604395604395604,0.604395604395604,FALSE
"CUEO",0.00225247851121913,43,NA,0.862271062271062,0.862271062271062,FALSE
"CUER",0.000939495947805872,51,NA,0.904761904761905,0.904761904761905,FALSE
"CUID",0.00112050763268572,46,NA,0.879120879120879,0.879120879120879,FALSE
"CUSA",0.00481138917220658,72,NA,0.791208791208791,0.791208791208791,FALSE
"CUSB",0.00180860193885202,59,NA,0.939438339438339,0.939438339438339,FALSE
"CUSC",0.00146570009322271,34,NA,0.805128205128205,0.805128205128205,FALSE
"CUSF",0.000245407379426205,12,NA,0.623809523809524,0.623809523809524,FALSE
"CUSR",0.0012986542124912,52,NA,0.571428571428571,0.571428571428571,FALSE
"CUSS",0.00151829739984247,35,NA,0.384615384615385,0.384615384615385,TRUE
"CUTA",0.000590276161660132,21,NA,0.705128205128205,0.705128205128205,FALSE
"CUTC",0.000844927904837531,23,NA,0.252747252747253,0.252747252747253,TRUE
"CUTE",0.00191964072169358,43,NA,0.862271062271062,0.862271062271062,FALSE
"CUTF",0.000835129805683262,18,NA,0.679120879120879,0.679120879120879,FALSE
"CUTO",0.000979595433656379,44,NA,0.483516483516483,0.483516483516483,TRUE
"CUTR",8.52329698288823e-05,23,NA,0.721855921855922,0.721855921855922,FALSE
"CZCA",0.00381619333461827,50,NA,0.54945054945055,0.54945054945055,FALSE
"CZCB",0.00152652503797139,43,NA,0.862271062271062,0.862271062271062,FALSE
"CZCC",0.00123328856994045,49,NA,0.894871794871795,0.894871794871795,FALSE
"CZCCM",0.000884047656641332,45,NA,0.873626373626374,0.873626373626374,FALSE
"CZCD",0.000611074186252477,38,NA,0.831746031746032,0.831746031746032,FALSE
"CZCE",0.000277916345599199,34,NA,0.805128205128205,0.805128205128205,FALSE
"CZCP",0.00229023835653377,47,NA,0.884493284493284,0.884493284493284,FALSE
"CZCR",0.000701621598815963,47,NA,0.884493284493284,0.884493284493284,FALSE
"CZCS",0.0012819403666436,44,NA,0.868009768009768,0.868009768009768,FALSE
"CZRA",0.0053652701017667,60,NA,0.659340659340659,0.659340659340659,FALSE
"CZRB",0.0016035777000101,52,NA,0.90952380952381,0.90952380952381,FALSE
"DES",4.39126789468692e-05,17,NA,0.67020757020757,0.67020757020757,FALSE
"DFRA",0.000651568422527011,45,NA,0.873626373626374,0.873626373626374,FALSE
"DFRB",2.56195602027995e-05,13,NA,0.633333333333333,0.633333333333333,FALSE
"DHA",0.000447335238477889,45,NA,0.873626373626374,0.873626373626374,FALSE
"DHT",0.000644619135816803,44,NA,0.868009768009768,0.868009768009768,FALSE
"DMEF",0.00176662673240021,50,NA,0.54945054945055,0.54945054945055,FALSE
"DMER",0.000802777522364904,39,NA,0.428571428571429,0.428571428571429,TRUE
"DNAK",0.00443707851680682,62,NA,0.95042735042735,0.95042735042735,FALSE
"DPSA",0.000649277141510707,42,NA,0.856410256410256,0.856410256410256,FALSE
"DRRA",0.00125316627417038,48,NA,0.88974358974359,0.88974358974359,FALSE
"DSBA",0.00135811218510991,28,NA,0.307692307692308,0.307692307692308,TRUE
"DSBB",0.000579742738251462,21,NA,0.705128205128205,0.705128205128205,FALSE
"DSBC",0.00106204515665278,43,NA,0.862271062271062,0.862271062271062,FALSE
"EBR",2.05037380151345e-05,9,NA,0.594505494505495,0.594505494505495,FALSE
"EBRA",6.87755400418771e-05,8,NA,0.584493284493284,0.584493284493284,FALSE
"EEFA",0.000278155313731848,34,NA,0.805128205128205,0.805128205128205,FALSE
"EFM",0.000265241975791637,34,NA,0.805128205128205,0.805128205128205,FALSE
"EFMA",0.000235878242537859,16,NA,0.661172161172161,0.661172161172161,FALSE
"EFPA",0.000958164766055278,47,NA,0.884493284493284,0.884493284493284,FALSE
"EFRA",0.000668868847849187,35,NA,0.811965811965812,0.811965811965812,FALSE
"EFRB",0.000294496071371642,27,NA,0.753846153846154,0.753846153846154,FALSE
"ELM",0.000135930232122496,23,NA,0.721855921855922,0.721855921855922,FALSE
"EMHA",0.000376112436035041,28,NA,0.761538461538461,0.761538461538461,FALSE
"EMHB",0.00146137042574942,52,NA,0.90952380952381,0.90952380952381,FALSE
"EMHC",0.000730086324447655,47,NA,0.884493284493284,0.884493284493284,FALSE
"EMHR",0.000190417837720591,35,NA,0.811965811965812,0.811965811965812,FALSE
"EMMDR",0.000244909896775224,19,NA,0.687912087912088,0.687912087912088,FALSE
"EMRA",0.00103989501581158,38,NA,0.831746031746032,0.831746031746032,FALSE
"EMRASM",0.00156560931582119,46,NA,0.879120879120879,0.879120879120879,FALSE
"EMRB",0.00182978891249484,39,NA,0.428571428571429,0.428571428571429,TRUE
"EMRBSM",0.00139945981879222,51,NA,0.56043956043956,0.56043956043956,FALSE
"EMRCSM",0.00200822702071763,50,NA,0.8998778998779,0.8998778998779,FALSE
"EMRD",0.00248111842803208,61,NA,0.946886446886447,0.946886446886447,FALSE
"EMRE",0.000307750934968486,38,NA,0.831746031746032,0.831746031746032,FALSE
"EMRK",0.00101202478872684,17,NA,0.186813186813187,0.186813186813187,TRUE
"EMRR",0.000351204419666177,18,NA,0.679120879120879,0.679120879120879,FALSE
"EMRRSM",0.000392156496325782,29,NA,0.769108669108669,0.769108669108669,FALSE
"EMRY",0.000516403174354358,13,NA,0.633333333333333,0.633333333333333,FALSE
"EPTA",0.00371560923135711,48,NA,0.527472527472527,0.527472527472527,FALSE
"EREA",0.000410830687415191,13,NA,0.633333333333333,0.633333333333333,FALSE
"ERM",0.00363906669265275,56,NA,0.927350427350427,0.927350427350427,FALSE
"ERM30",0.000322235788292661,26,NA,0.746031746031746,0.746031746031746,FALSE
"ERM32",0.000387892988821189,40,NA,0.844322344322344,0.844322344322344,FALSE
"ERM37",0.000108918281698041,27,NA,0.753846153846154,0.753846153846154,FALSE
"ERM41",7.03017212237794e-05,20,NA,0.696581196581197,0.696581196581197,FALSE
"ERME",0.00139893277606849,45,NA,0.873626373626374,0.873626373626374,FALSE
"ERMH",0.000186936868045519,36,NA,0.818681318681319,0.818681318681319,FALSE
"ERMN",0.000342595150405992,41,NA,0.85042735042735,0.85042735042735,FALSE
"ERMO",0.00112682744379672,46,NA,0.505494505494505,0.505494505494505,FALSE
"ERMR",0.00104271571827446,47,NA,0.884493284493284,0.884493284493284,FALSE
"ERMS",0.000608237157825972,45,NA,0.873626373626374,0.873626373626374,FALSE
"ERMU",0.000241046665061381,36,NA,0.818681318681319,0.818681318681319,FALSE
"ERMV",0.000853368855626498,44,NA,0.868009768009768,0.868009768009768,FALSE
"ERMX",5.08982675071269e-05,9,NA,0.594505494505495,0.594505494505495,FALSE
"ERP",0.000129584009019391,27,NA,0.753846153846154,0.753846153846154,FALSE
"ESTD",0.00107963926067498,48,NA,0.88974358974359,0.88974358974359,FALSE
"EVGA",0.00041991645377683,12,NA,0.623809523809524,0.623809523809524,FALSE
"EVGS",0.0026471446412185,31,NA,0.783882783882784,0.783882783882784,FALSE
"EVM",0.00015090457961016,30,NA,0.776556776556776,0.776556776556776,FALSE
"EXO",0.000511061614920428,45,NA,0.873626373626374,0.873626373626374,FALSE
"FABI",0.00204507766139019,36,NA,0.818681318681319,0.818681318681319,FALSE
"FABL",8.80577300638371e-05,18,NA,0.679120879120879,0.679120879120879,FALSE
"FABV",5.19291980972426e-05,21,NA,0.705128205128205,0.705128205128205,FALSE
"FACT",0.00175115159372463,50,NA,0.14957264957265,0.14957264957265,TRUE
"FAR1",0.00133249444780326,47,NA,0.884493284493284,0.884493284493284,FALSE
"FARA",0.000613546904772025,30,NA,0.776556776556776,0.776556776556776,FALSE
"FARB",0.000586849021689135,45,NA,0.494505494505495,0.494505494505495,TRUE
"FARR",0.000679470022923126,33,NA,0.798168498168498,0.798168498168498,FALSE
"FBPC",2.40117360613975e-05,2,NA,0.521855921855922,0.521855921855922,FALSE
"FECD",0.0012533051842235,54,NA,0.918681318681319,0.918681318681319,FALSE
"FECE",0.00186537070943699,62,NA,0.95042735042735,0.95042735042735,FALSE
"FETA",0.000793090593669701,20,NA,0.696581196581197,0.696581196581197,FALSE
"FETB",0.000989488878772513,29,NA,0.769108669108669,0.769108669108669,FALSE
"FIA",0.000413535684036461,38,NA,0.831746031746032,0.831746031746032,FALSE
"FIEF",0.00211350971468003,46,NA,0.505494505494505,0.505494505494505,FALSE
"FIM",3.26804400636796e-05,12,NA,0.623809523809524,0.623809523809524,FALSE
"FLOR",0.000969377339962529,44,NA,0.868009768009768,0.868009768009768,FALSE
"FMRO",0.00112098515522161,46,NA,0.879120879120879,0.879120879120879,FALSE
"FOMA",0.000379016983529088,41,NA,0.85042735042735,0.85042735042735,FALSE
"FOMB",0.000503486026822461,38,NA,0.831746031746032,0.831746031746032,FALSE
"FONA",0.000311222364604956,38,NA,0.831746031746032,0.831746031746032,FALSE
"FOSA",0.00124737397367777,54,NA,0.918681318681319,0.918681318681319,FALSE
"FOSC",5.55326882972728e-05,8,NA,0.584493284493284,0.584493284493284,FALSE
"FOSX",4.78782954460702e-05,14,NA,0.642735042735043,0.642735042735043,FALSE
"FOX",0.000834334369269718,42,NA,0.856410256410256,0.856410256410256,FALSE
"FPTA",0.00131712156634037,51,NA,0.904761904761905,0.904761904761905,FALSE
"FPVA",0.00129395837879272,49,NA,0.894871794871795,0.894871794871795,FALSE
"FRI",0.000512218474065564,9,NA,0.594505494505495,0.594505494505495,FALSE
"FRNE",0.000337042388037133,41,NA,0.85042735042735,0.85042735042735,FALSE
"FURA",6.04509841007362e-05,14,NA,0.642735042735043,0.642735042735043,FALSE
"FUSF",0.000100731991363175,5,NA,0.553724053724054,0.553724053724054,FALSE
"FUSH",0.00195240774091964,51,NA,0.904761904761905,0.904761904761905,FALSE
"G2ALT",1.42287585672842e-05,3,NA,0.532600732600733,0.532600732600733,FALSE
"GADA",0.00275105096645229,52,NA,0.90952380952381,0.90952380952381,FALSE
"GADB",0.00138987673553778,39,NA,0.428571428571429,0.428571428571429,TRUE
"GADC",0.0019910283789762,30,NA,0.776556776556776,0.776556776556776,FALSE
"GADE",0.000853554277880434,13,NA,0.633333333333333,0.633333333333333,FALSE
"GADW",0.000864418767940309,25,NA,0.738095238095238,0.738095238095238,FALSE
"GADX",0.00151966936647301,19,NA,0.687912087912088,0.687912087912088,FALSE
"GES",0.00115734487783569,52,NA,0.571428571428571,0.571428571428571,FALSE
"GESA",0.000246518664029245,32,NA,0.791086691086691,0.791086691086691,FALSE
"GESB",0.00153981075648863,52,NA,0.90952380952381,0.90952380952381,FALSE
"GESC",0.00050326826994929,43,NA,0.862271062271062,0.862271062271062,FALSE
"GIM",4.48760812049981e-05,3,NA,0.532600732600733,0.532600732600733,FALSE
"GIMA",0.00122756167156041,52,NA,0.90952380952381,0.90952380952381,FALSE
"GLPF",0.000937590680252054,22,NA,0.713553113553114,0.713553113553114,FALSE
"GOLS",0.000169261157297734,29,NA,0.769108669108669,0.769108669108669,FALSE
"GOLT",0.000841187325839647,50,NA,0.54945054945055,0.54945054945055,FALSE
"GPC",0.000619652449735468,42,NA,0.856410256410256,0.856410256410256,FALSE
"GRD",0.000820812776983473,45,NA,0.494505494505495,0.494505494505495,TRUE
"GRM",0.00103744402504252,48,NA,0.88974358974359,0.88974358974359,FALSE
"HASF",0.00112433371800905,49,NA,0.894871794871795,0.894871794871795,FALSE
"HDEA",0.000248086996486034,12,NA,0.623809523809524,0.623809523809524,FALSE
"HDEB",0.000500271753086545,9,NA,0.594505494505495,0.594505494505495,FALSE
"HERA",0.000302775875379806,20,NA,0.696581196581197,0.696581196581197,FALSE
"HLYD",0.000617957053201212,46,NA,0.879120879120879,0.879120879120879,FALSE
"HMB",7.34136815066188e-05,4,NA,0.543223443223443,0.543223443223443,FALSE
"HMRR",0.000749066713846734,39,NA,0.838095238095238,0.838095238095238,FALSE
"HNS",0.000348190965378266,35,NA,0.384615384615385,0.384615384615385,TRUE
"HOXN",0.000251403950777008,35,NA,0.811965811965812,0.811965811965812,FALSE
"HPCOPA",6.02869597218309e-05,25,NA,0.738095238095238,0.738095238095238,FALSE
"HSMR",0.000159863934300311,31,NA,0.783882783882784,0.783882783882784,FALSE
"HUPE",0.00122117454013539,50,NA,0.8998778998779,0.8998778998779,FALSE
"HUPN",0.000821365564473223,47,NA,0.884493284493284,0.884493284493284,FALSE
"IBPA",0.000770303663824881,21,NA,0.705128205128205,0.705128205128205,FALSE
"IBPB",0.000664542075830413,19,NA,0.208791208791209,0.208791208791209,TRUE
"ICLR",0.00171091456616041,24,NA,0.73003663003663,0.73003663003663,FALSE
"ICR",0.000116582274447085,25,NA,0.738095238095238,0.738095238095238,FALSE
"IDER",0.0004351973624593,41,NA,0.85042735042735,0.85042735042735,FALSE
"ILES",0.00499117592144306,64,NA,0.957142857142857,0.957142857142857,FALSE
"IMI",0.000151991161567569,3,NA,0.532600732600733,0.532600732600733,FALSE
"IMP",0.000547924759044435,30,NA,0.32967032967033,0.32967032967033,TRUE
"IND",0.000157275654462807,20,NA,0.696581196581197,0.696581196581197,FALSE
"IRFA",0.00148090867188223,49,NA,0.538461538461539,0.538461538461539,FALSE
"IRI",0.000481139777669413,41,NA,0.85042735042735,0.85042735042735,FALSE
"IRLR",0.00143402055406259,46,NA,0.879120879120879,0.879120879120879,FALSE
"IRLS",0.00315565079185864,56,NA,0.927350427350427,0.927350427350427,FALSE
"KAMB",0.00095579118261765,43,NA,0.862271062271062,0.862271062271062,FALSE
"KDEA",0.000620149999303114,46,NA,0.879120879120879,0.879120879120879,FALSE
"KDPE",0.00101077899553831,52,NA,0.90952380952381,0.90952380952381,FALSE
"KEXD",8.74418008339424e-05,26,NA,0.746031746031746,0.746031746031746,FALSE
"KGMB",0.0007777803644786,43,NA,0.862271062271062,0.862271062271062,FALSE
"KLAB",0.000959729877944402,46,NA,0.879120879120879,0.879120879120879,FALSE
"KLAC",0.00119036759720586,46,NA,0.879120879120879,0.879120879120879,FALSE
"KLUC",5.24719721077807e-05,10,NA,0.604395604395604,0.604395604395604,FALSE
"KMR",0.000679366110467471,46,NA,0.505494505494505,0.505494505494505,FALSE
"KMRA",0.000752257754609299,41,NA,0.85042735042735,0.85042735042735,FALSE
"KMTR",4.0928524430057e-05,16,NA,0.661172161172161,0.661172161172161,FALSE
"KPC",0.000404322381425933,36,NA,0.818681318681319,0.818681318681319,FALSE
"KPN",0.00174640968838824,58,NA,0.935531135531136,0.935531135531136,FALSE
"KPNF",0.000486842873079278,38,NA,0.831746031746032,0.831746031746032,FALSE
"KPNO",0.00108620921534067,34,NA,0.805128205128205,0.805128205128205,FALSE
"L1",0.00373869773286638,62,NA,0.230891330891331,0.230891330891331,TRUE
"LCR",8.12755528894559e-05,26,NA,0.746031746031746,0.746031746031746,FALSE
"LDE",7.21970750331136e-05,3,NA,0.532600732600733,0.532600732600733,FALSE
"LEN",0.00115797718734527,46,NA,0.879120879120879,0.879120879120879,FALSE
"LHK",0.00098367763628415,38,NA,0.417582417582418,0.417582417582418,TRUE
"LLMA",0.000106459696822408,26,NA,0.746031746031746,0.746031746031746,FALSE
"LMRB",0.000322490640302504,8,NA,0.584493284493284,0.584493284493284,FALSE
"LMRC",0.00176474490096952,52,NA,0.571428571428571,0.571428571428571,FALSE
"LMRD",0.000419957278796323,12,NA,0.623809523809524,0.623809523809524,FALSE
"LMRS",6.0314012121906e-05,2,NA,0.521855921855922,0.521855921855922,FALSE
"LNUA",0.000423348023064182,15,NA,0.652014652014652,0.652014652014652,FALSE
"LNUB",1.04856975085983e-05,1,NA,NA,NA,FALSE
"LNUC",0.00022591246056738,6,NA,0.564102564102564,0.564102564102564,FALSE
"LNUF",0.000105520017919764,18,NA,0.679120879120879,0.679120879120879,FALSE
"LPDT",0.0064751803575669,44,NA,0.868009768009768,0.868009768009768,FALSE
"LPEA",2.38115081018657e-05,1,NA,NA,NA,FALSE
"LPEB",0.000111721164770884,24,NA,0.73003663003663,0.73003663003663,FALSE
"LRA",0.00379356179066994,60,NA,0.943223443223443,0.943223443223443,FALSE
"LRG",0.000119707121155225,26,NA,0.746031746031746,0.746031746031746,FALSE
"LSA",0.000233204413804358,26,NA,0.746031746031746,0.746031746031746,FALSE
"LUT",0.000123117784423598,23,NA,0.721855921855922,0.721855921855922,FALSE
"MACA",0.000441633372439401,41,NA,0.85042735042735,0.85042735042735,FALSE
"MACB",0.0013579503680232,51,NA,0.904761904761905,0.904761904761905,FALSE
"MAL",4.23966870735526e-05,16,NA,0.661172161172161,0.661172161172161,FALSE
"MARA",0.000786114630078601,12,NA,0.623809523809524,0.623809523809524,FALSE
"MARR",0.000625186790378847,14,NA,0.642735042735043,0.642735042735043,FALSE
"MCR",0.000854041715404419,45,NA,0.873626373626374,0.873626373626374,FALSE
"MCTB",0.000694788556202073,43,NA,0.862271062271062,0.862271062271062,FALSE
"MDEA",0.000424753415634392,44,NA,0.868009768009768,0.868009768009768,FALSE
"MDFA",0.00159181960438141,50,NA,0.8998778998779,0.8998778998779,FALSE
"MDTA",0.00104175914890774,55,NA,0.604395604395604,0.604395604395604,FALSE
"MDTB",0.00580204691947181,71,NA,0.78021978021978,0.78021978021978,FALSE
"MDTC",0.00673083492111429,76,NA,0.835164835164835,0.835164835164835,FALSE
"MDTE",0.00206278736672717,25,NA,0.738095238095238,0.738095238095238,FALSE
"MDTF",0.00699351461484621,73,NA,0.802197802197802,0.802197802197802,FALSE
"MDTG",0.00123841003246257,37,NA,0.406593406593407,0.406593406593407,TRUE
"MDTH",0.000946783471250653,31,NA,0.783882783882784,0.783882783882784,FALSE
"MDTI",0.000241397077182748,9,NA,0.0989010989010989,0.0989010989010989,TRUE
"MDTJ",0.000148364077283881,9,NA,0.594505494505495,0.594505494505495,FALSE
"MDTK",0.00212955691065531,48,NA,0.88974358974359,0.88974358974359,FALSE
"MDTM",0.00125150851656833,43,NA,0.862271062271062,0.862271062271062,FALSE
"MDTN",0.00185000177873651,62,NA,0.681318681318681,0.681318681318681,FALSE
"MDTO",0.00313895549732523,47,NA,0.884493284493284,0.884493284493284,FALSE
"MDTP",0.00292157976691116,60,NA,0.943223443223443,0.943223443223443,FALSE
"MECA",0.000182344717313554,21,NA,0.705128205128205,0.705128205128205,FALSE
"MECB",0.000248185780284636,24,NA,0.73003663003663,0.73003663003663,FALSE
"MEFA",0.00113154545560276,14,NA,0.642735042735043,0.642735042735043,FALSE
"MEFB",3.08862377812107e-05,3,NA,0.532600732600733,0.532600732600733,FALSE
"MEFE",0.00102817002803608,14,NA,0.642735042735043,0.642735042735043,FALSE
"MEPB",3.61043303820601e-05,3,NA,0.532600732600733,0.532600732600733,FALSE
"MERA",0.00559375117780818,60,NA,0.659340659340659,0.659340659340659,FALSE
"MERB",0.000447068661157095,44,NA,0.868009768009768,0.868009768009768,FALSE
"MERC",0.000290294608430235,38,NA,0.831746031746032,0.831746031746032,FALSE
"MERD",0.00124059136217612,45,NA,0.873626373626374,0.873626373626374,FALSE
"MERE",0.000155550297184843,31,NA,0.783882783882784,0.783882783882784,FALSE
"MERF",3.16592423309561e-05,3,NA,0.532600732600733,0.532600732600733,FALSE
"MERG",0.000125151370154424,30,NA,0.776556776556776,0.776556776556776,FALSE
"MERH",0.000301558545847692,26,NA,0.285714285714286,0.285714285714286,TRUE
"MERP",0.000316021021874756,40,NA,0.844322344322344,0.844322344322344,FALSE
"MERR",0.00024012065871521,38,NA,0.831746031746032,0.831746031746032,FALSE
"MERR1",1.82283044521814e-05,11,NA,0.614163614163614,0.614163614163614,FALSE
"MERR2",0.000143224654175344,29,NA,0.769108669108669,0.769108669108669,FALSE
"MERT",0.00135374610132781,50,NA,0.8998778998779,0.8998778998779,FALSE
"MEXA",0.000862910830595332,48,NA,0.88974358974359,0.88974358974359,FALSE
"MEXB",0.0039556034741129,65,NA,0.96031746031746,0.96031746031746,FALSE
"MEXC",0.0017565617457513,49,NA,0.894871794871795,0.894871794871795,FALSE
"MEXD",0.0038092878348995,59,NA,0.208913308913309,0.208913308913309,TRUE
"MEXE",0.00207669952537813,56,NA,0.927350427350427,0.927350427350427,FALSE
"MEXF",0.00862744296990657,60,NA,0.943223443223443,0.943223443223443,FALSE
"MEXG",0.000565557566929524,45,NA,0.873626373626374,0.873626373626374,FALSE
"MEXH",0.00142888000673062,52,NA,0.90952380952381,0.90952380952381,FALSE
"MEXI",0.00482412485140324,60,NA,0.659340659340659,0.659340659340659,FALSE
"MEXJ",0.00122723751842923,50,NA,0.8998778998779,0.8998778998779,FALSE
"MEXK",0.00416548295021983,63,NA,0.692307692307692,0.692307692307692,FALSE
"MEXL",0.000458377843632132,45,NA,0.873626373626374,0.873626373626374,FALSE
"MEXN",0.00608199086668304,65,NA,0.714285714285714,0.714285714285714,FALSE
"MEXQ",0.00602572190681842,63,NA,0.692307692307692,0.692307692307692,FALSE
"MEXR",0.000229435062013295,31,NA,0.783882783882784,0.783882783882784,FALSE
"MEXV",0.00109858602442834,47,NA,0.884493284493284,0.884493284493284,FALSE
"MEXW",0.0028963767797061,55,NA,0.923076923076923,0.923076923076923,FALSE
"MEXX",0.00185403045181486,51,NA,0.904761904761905,0.904761904761905,FALSE
"MEXY",0.00529875541038702,60,NA,0.659340659340659,0.659340659340659,FALSE
"MFPA",9.73779344962378e-05,20,NA,0.696581196581197,0.696581196581197,FALSE
"MGT",0.00095000333829556,46,NA,0.879120879120879,0.879120879120879,FALSE
"MGTA",0.00424960419541539,70,NA,0.294871794871795,0.294871794871795,TRUE
"MMCO",0.000778094384667602,45,NA,0.873626373626374,0.873626373626374,FALSE
"MMR",2.79137804676246e-05,10,NA,0.604395604395604,0.604395604395604,FALSE
"MNTH",0.00104350627931153,40,NA,0.844322344322344,0.844322344322344,FALSE
"MNTP",0.00114806056779427,48,NA,0.527472527472527,0.527472527472527,FALSE
"MNTR",0.000338521639284868,14,NA,0.642735042735043,0.642735042735043,FALSE
"MODA",0.000916391682383377,57,NA,0.931501831501832,0.931501831501832,FALSE
"MODB",0.00129964189658328,53,NA,0.914163614163614,0.914163614163614,FALSE
"MODC",0.00317029080415119,66,NA,0.725274725274725,0.725274725274725,FALSE
"MOX",0.00201169959110976,62,NA,0.95042735042735,0.95042735042735,FALSE
"MPHA",0.000798123334671767,44,NA,0.868009768009768,0.868009768009768,FALSE
"MPHB",0.000370011113404935,14,NA,0.642735042735043,0.642735042735043,FALSE
"MPHD",0.00018479509880611,34,NA,0.805128205128205,0.805128205128205,FALSE
"MPHE",0.000205545744306737,12,NA,0.623809523809524,0.623809523809524,FALSE
"MPHG",2.55790062251462e-05,2,NA,0.521855921855922,0.521855921855922,FALSE
"MPHH",0.000928116746288211,46,NA,0.879120879120879,0.879120879120879,FALSE
"MPHI",2.44110138165043e-05,7,NA,0.574358974358974,0.574358974358974,FALSE
"MPHJ",6.55758618310199e-05,11,NA,0.614163614163614,0.614163614163614,FALSE
"MPHK",9.17505669212564e-05,5,NA,0.553724053724054,0.553724053724054,FALSE
"MPHO",0.000630515460278206,45,NA,0.873626373626374,0.873626373626374,FALSE
"MPRF",0.000888543491987262,51,NA,0.56043956043956,0.56043956043956,FALSE
"MRDH",0.000315407401617241,32,NA,0.351648351648352,0.351648351648352,TRUE
"MREA",3.21852790536857e-06,3,NA,0.532600732600733,0.532600732600733,FALSE
"MSBA",0.00271283258365467,53,NA,0.914163614163614,0.914163614163614,FALSE
"MSI",0.0018676967703885,49,NA,0.894871794871795,0.894871794871795,FALSE
"MSRA",3.44009088047914e-05,3,NA,0.532600732600733,0.532600732600733,FALSE
"MSRD",0.00156336879356077,9,NA,0.594505494505495,0.594505494505495,FALSE
"MSRE",7.29040685093511e-05,3,NA,0.532600732600733,0.532600732600733,FALSE
"MTRA",7.81026439023539e-05,23,NA,0.721855921855922,0.721855921855922,FALSE
"MTRAD",0.000298471435391266,38,NA,0.831746031746032,0.831746031746032,FALSE
"MTRC",0.00036511569835513,39,NA,0.838095238095238,0.838095238095238,FALSE
"MTRD",0.000826833802384051,47,NA,0.884493284493284,0.884493284493284,FALSE
"MTRE",0.000537276134264928,42,NA,0.856410256410256,0.856410256410256,FALSE
"MTRF",0.000117976713245653,21,NA,0.705128205128205,0.705128205128205,FALSE
"MUS",2.77492824329058e-05,4,NA,0.543223443223443,0.543223443223443,FALSE
"MUXA",0.00178925913699183,51,NA,0.904761904761905,0.904761904761905,FALSE
"MUXB",0.00874295327914109,63,NA,0.692307692307692,0.692307692307692,FALSE
"MUXC",0.00592255430811813,61,NA,0.223443223443223,0.223443223443223,TRUE
"MVRC",0.000320887217322852,8,NA,0.584493284493284,0.584493284493284,FALSE
"MYMT",4.49326391777051e-05,15,NA,0.652014652014652,0.652014652014652,FALSE
"MYRA",0.00101024659280038,48,NA,0.88974358974359,0.88974358974359,FALSE
"MYX",0.000120330670426364,20,NA,0.696581196581197,0.696581196581197,FALSE
"NCCA",0.00308818760453,57,NA,0.931501831501832,0.931501831501832,FALSE
"NCCB",0.000425754145191005,41,NA,0.85042735042735,0.85042735042735,FALSE
"NCCC",0.000476620908947094,35,NA,0.384615384615385,0.384615384615385,TRUE
"NCCH",0.000207952065496772,34,NA,0.805128205128205,0.805128205128205,FALSE
"NCCN",0.000117983457530563,26,NA,0.746031746031746,0.746031746031746,FALSE
"NCCX",1.21464979052705e-05,5,NA,0.553724053724054,0.553724053724054,FALSE
"NCCY",6.65111938813592e-05,22,NA,0.713553113553114,0.713553113553114,FALSE
"NCRA",0.00037789459226211,41,NA,0.85042735042735,0.85042735042735,FALSE
"NCRAN",8.28579023703782e-05,24,NA,0.73003663003663,0.73003663003663,FALSE
"NCRC",6.19384310759716e-06,4,NA,0.543223443223443,0.543223443223443,FALSE
"NCRCN",0.000156715159330084,27,NA,0.753846153846154,0.753846153846154,FALSE
"NCZA",0.00490142410397258,55,NA,0.923076923076923,0.923076923076923,FALSE
"NDM",0.00063535275456263,41,NA,0.85042735042735,0.85042735042735,FALSE
"NFSA",0.00151188932054303,24,NA,0.73003663003663,0.73003663003663,FALSE
"NHAA",0.00210924536174281,31,NA,0.783882783882784,0.783882783882784,FALSE
"NHAB",0.00132848531933023,25,NA,0.738095238095238,0.738095238095238,FALSE
"NHLF",0.000280880181396532,39,NA,0.838095238095238,0.838095238095238,FALSE
"NIA",0.000857971452394481,44,NA,0.868009768009768,0.868009768009768,FALSE
"NIKA",0.00280527722101137,56,NA,0.927350427350427,0.927350427350427,FALSE
"NIKB",0.00231324877730793,53,NA,0.582417582417582,0.582417582417582,FALSE
"NIKC",0.00201274468939126,47,NA,0.884493284493284,0.884493284493284,FALSE
"NIKD",0.00171736079321198,44,NA,0.868009768009768,0.868009768009768,FALSE
"NIKE",0.00228630663178665,49,NA,0.894871794871795,0.894871794871795,FALSE
"NIKR",0.000780486721448947,45,NA,0.873626373626374,0.873626373626374,FALSE
"NIMA",5.64746170786783e-05,9,NA,0.594505494505495,0.594505494505495,FALSE
"NIMC",2.79434468474524e-05,6,NA,0.564102564102564,0.564102564102564,FALSE
"NIMD",2.6498677515516e-05,9,NA,0.594505494505495,0.594505494505495,FALSE
"NIMI",0.000288724059516746,34,NA,0.805128205128205,0.805128205128205,FALSE
"NIRA",0.00038524500209296,26,NA,0.746031746031746,0.746031746031746,FALSE
"NIRC",0.000201898279108955,29,NA,0.769108669108669,0.769108669108669,FALSE
"NMPC",0.000572346528762964,12,NA,0.623809523809524,0.623809523809524,FALSE
"NMTR",5.52201634836275e-05,19,NA,0.687912087912088,0.687912087912088,FALSE
"NORM",0.00251068768306677,53,NA,0.582417582417582,0.582417582417582,FALSE
"NORMD",0.000376216348284957,42,NA,0.856410256410256,0.856410256410256,FALSE
"NOVA",0.00222319480023002,58,NA,0.201831501831502,0.201831501831502,TRUE
"NRSA",4.55301344943825e-05,5,NA,0.553724053724054,0.553724053724054,FALSE
"NRSD",5.57464306480776e-05,17,NA,0.67020757020757,0.67020757020757,FALSE
"NSHR",0.00132328112583158,51,NA,0.155677655677656,0.155677655677656,TRUE
"OCH",0.000239451501648823,28,NA,0.761538461538461,0.761538461538461,FALSE
"OKP",0.000884836608679188,48,NA,0.88974358974359,0.88974358974359,FALSE
"OLEB",0.0034100443795467,55,NA,0.604395604395604,0.604395604395604,FALSE
"OLEC",0.00311691043616102,60,NA,0.659340659340659,0.659340659340659,FALSE
"OLED",0.000743086447388449,47,NA,0.516483516483516,0.516483516483516,FALSE
"OLEI",0.000479620111288717,41,NA,0.85042735042735,0.85042735042735,FALSE
"OMP37",0.000328960500828501,34,NA,0.805128205128205,0.805128205128205,FALSE
"OMP38",0.00070604800799088,46,NA,0.879120879120879,0.879120879120879,FALSE
"OMPR",0.00174786531839803,48,NA,0.527472527472527,0.527472527472527,FALSE
"OPCM",0.00189250218737624,49,NA,0.894871794871795,0.894871794871795,FALSE
"OPMB",0.00173111969327783,59,NA,0.939438339438339,0.939438339438339,FALSE
"OPMD",0.00214345709097022,52,NA,0.571428571428571,0.571428571428571,FALSE
"OPMH",0.00115968795794253,49,NA,0.894871794871795,0.894871794871795,FALSE
"OPRA",0.00159609416510997,55,NA,0.923076923076923,0.923076923076923,FALSE
"OPRJ",0.00160019290909232,49,NA,0.538461538461539,0.538461538461539,FALSE
"OPRM",0.00137023220797738,48,NA,0.88974358974359,0.88974358974359,FALSE
"OPRN",0.00160866318831182,45,NA,0.873626373626374,0.873626373626374,FALSE
"OPRZ",0.00210934363954518,58,NA,0.935531135531136,0.935531135531136,FALSE
"OPTRA",2.12050801449923e-05,2,NA,0.521855921855922,0.521855921855922,FALSE
"OQXA",0.000917051086065543,45,NA,0.873626373626374,0.873626373626374,FALSE
"OQXB",0.00328109186661945,56,NA,0.927350427350427,0.927350427350427,FALSE
"OTRA",0.00333224775021376,59,NA,0.648351648351648,0.648351648351648,FALSE
"OTRB",0.00191761362189378,49,NA,0.894871794871795,0.894871794871795,FALSE
"OTRC",0.000779030213030517,45,NA,0.873626373626374,0.873626373626374,FALSE
"OXA",0.017110678017367,76,NA,0.835164835164835,0.835164835164835,FALSE
"OXY",0.000788229011584628,45,NA,0.873626373626374,0.873626373626374,FALSE
"OXYRKP",0.000980902149575182,52,NA,0.90952380952381,0.90952380952381,FALSE
"PAC",7.04680018271502e-05,20,NA,0.696581196581197,0.696581196581197,FALSE
"PARY",0.00379955825109104,64,NA,0.703296703296703,0.703296703296703,FALSE
"PBP2",0.00251268578176629,38,NA,0.831746031746032,0.831746031746032,FALSE
"PBP4B",0.00260448610043144,41,NA,0.85042735042735,0.85042735042735,FALSE
"PBRA",0.00148742653610188,49,NA,0.894871794871795,0.894871794871795,FALSE
"PBRB",0.000180443266265786,33,NA,0.798168498168498,0.798168498168498,FALSE
"PBRD",3.02778287802043e-05,11,NA,0.614163614163614,0.614163614163614,FALSE
"PBRR",0.000297113807204108,36,NA,0.818681318681319,0.818681318681319,FALSE
"PBRT",0.000590996879411305,46,NA,0.879120879120879,0.879120879120879,FALSE
"PCM",0.000334111850045822,39,NA,0.838095238095238,0.838095238095238,FALSE
"PCOA",0.00105477452846081,43,NA,0.862271062271062,0.862271062271062,FALSE
"PCOB",0.000275448261984575,36,NA,0.818681318681319,0.818681318681319,FALSE
"PCOC",6.15194716215673e-05,12,NA,0.623809523809524,0.623809523809524,FALSE
"PCOD",0.000225708326817017,26,NA,0.746031746031746,0.746031746031746,FALSE
"PCOE",0.000265392818712784,20,NA,0.696581196581197,0.696581196581197,FALSE
"PCOR",0.000353007190127671,15,NA,0.652014652014652,0.652014652014652,FALSE
"PCOS",0.000484921678626771,17,NA,0.67020757020757,0.67020757020757,FALSE
"PDC",0.00531289298264054,62,NA,0.681318681318681,0.681318681318681,FALSE
"PDRM",3.49861443229384e-06,2,NA,0.521855921855922,0.521855921855922,FALSE
"PENA",0.00106616613439323,47,NA,0.884493284493284,0.884493284493284,FALSE
"PENI",0.0037923154274827,56,NA,0.615384615384615,0.615384615384615,FALSE
"PERO",0.000956397715666937,47,NA,0.884493284493284,0.884493284493284,FALSE
"PFR",6.91639310903674e-05,3,NA,0.532600732600733,0.532600732600733,FALSE
"PGPA",0.000809174282920405,47,NA,0.884493284493284,0.884493284493284,FALSE
"PHOR",0.00106357930197744,50,NA,0.8998778998779,0.8998778998779,FALSE
"PITA",0.00386291399528059,38,NA,0.417582417582418,0.417582417582418,TRUE
"PLA",0.000126884507750417,27,NA,0.753846153846154,0.753846153846154,FALSE
"PME",0.000694698913186619,47,NA,0.884493284493284,0.884493284493284,FALSE
"PMPM",0.00157212015724174,50,NA,0.8998778998779,0.8998778998779,FALSE
"PMRA",7.80818297474705e-05,13,NA,0.633333333333333,0.633333333333333,FALSE
"PMRAM",9.01878617690466e-05,24,NA,0.73003663003663,0.73003663003663,FALSE
"PMRBM",0.000107370058985816,26,NA,0.746031746031746,0.746031746031746,FALSE
"PMRCM",8.66492231094452e-05,22,NA,0.713553113553114,0.713553113553114,FALSE
"PMRF",0.000920305351124278,14,NA,0.642735042735043,0.642735042735043,FALSE
"PMRG",0.000133802903447785,26,NA,0.746031746031746,0.746031746031746,FALSE
"PNGM",0.000270100566180901,33,NA,0.798168498168498,0.798168498168498,FALSE
"POM",0.000815480693546536,45,NA,0.873626373626374,0.873626373626374,FALSE
"POXT",0.000181708773616848,23,NA,0.721855921855922,0.721855921855922,FALSE
"PST",0.000216585864904586,36,NA,0.818681318681319,0.818681318681319,FALSE
"PSTA",0.00266382507423813,39,NA,0.838095238095238,0.838095238095238,FALSE
"PSTB",0.00297780168457698,68,NA,0.969108669108669,0.969108669108669,FALSE
"PSTC",0.00203507878360032,52,NA,0.90952380952381,0.90952380952381,FALSE
"PSTS",0.00153990543150777,46,NA,0.879120879120879,0.879120879120879,FALSE
"QACAB",1.93086435466923e-05,2,NA,0.521855921855922,0.521855921855922,FALSE
"QACG",0.00143599387375376,25,NA,0.274725274725275,0.274725274725275,TRUE
"QACPB",6.30334048919659e-05,21,NA,0.705128205128205,0.705128205128205,FALSE
"QEPA",0.00406846516795861,61,NA,0.67032967032967,0.67032967032967,FALSE
"QNRA",0.000136908560760771,19,NA,0.687912087912088,0.687912087912088,FALSE
"QNRB",0.000205143577059733,33,NA,0.798168498168498,0.798168498168498,FALSE
"R39",0.000508250832691348,46,NA,0.879120879120879,0.879120879120879,FALSE
"RAHN",0.000223545078454097,35,NA,0.811965811965812,0.811965811965812,FALSE
"RBPA",0.000155476640488504,32,NA,0.791086691086691,0.791086691086691,FALSE
"RCNA",0.00113560881121982,42,NA,0.461538461538462,0.461538461538462,TRUE
"RCNB",0.00072077055464684,30,NA,0.776556776556776,0.776556776556776,FALSE
"RCNR",0.000275694692057068,13,NA,0.633333333333333,0.633333333333333,FALSE
"RCP",0.000359196317909016,43,NA,0.862271062271062,0.862271062271062,FALSE
"RECG",0.000461888927083174,41,NA,0.85042735042735,0.85042735042735,FALSE
"RECGM",0.00339200886305421,61,NA,0.946886446886447,0.946886446886447,FALSE
"RGT",0.000613754863811353,45,NA,0.873626373626374,0.873626373626374,FALSE
"RICR",4.93715395895297e-05,11,NA,0.614163614163614,0.614163614163614,FALSE
"RLMA",3.31204482166117e-05,15,NA,0.652014652014652,0.652014652014652,FALSE
"RLMH",8.18449404131151e-05,10,NA,0.604395604395604,0.604395604395604,FALSE
"RM3",0.000444631011940064,45,NA,0.873626373626374,0.873626373626374,FALSE
"RMTA",2.65636719405852e-05,14,NA,0.642735042735043,0.642735042735043,FALSE
"RMTB",0.000122138778829818,23,NA,0.721855921855922,0.721855921855922,FALSE
"RMTD",0.000173855214140038,32,NA,0.791086691086691,0.791086691086691,FALSE
"RMTF",0.000426153422753684,42,NA,0.856410256410256,0.856410256410256,FALSE
"RMTG",0.000256523889467066,37,NA,0.825274725274725,0.825274725274725,FALSE
"RMTH",0.000101164938970415,20,NA,0.696581196581197,0.696581196581197,FALSE
"ROBA",0.00165094343039162,38,NA,0.831746031746032,0.831746031746032,FALSE
"ROSA",5.77391227022207e-05,10,NA,0.604395604395604,0.604395604395604,FALSE
"ROSB",7.94088181052972e-05,22,NA,0.713553113553114,0.713553113553114,FALSE
"ROX",0.00122894361834702,48,NA,0.88974358974359,0.88974358974359,FALSE
"RPH",0.002044836280773,51,NA,0.56043956043956,0.56043956043956,FALSE
"RPOS",0.00163789127234288,34,NA,0.805128205128205,0.805128205128205,FALSE
"RSA",0.000220589946410391,30,NA,0.776556776556776,0.776556776556776,FALSE
"RUB",0.000139795664555799,30,NA,0.776556776556776,0.776556776556776,FALSE
"RUVB",0.0014176773987663,52,NA,0.90952380952381,0.90952380952381,FALSE
"RUVBM",0.00117485839506238,53,NA,0.582417582417582,0.582417582417582,FALSE
"SAT",0.000752659004995835,49,NA,0.894871794871795,0.894871794871795,FALSE
"SCO",4.86392051572058e-05,19,NA,0.687912087912088,0.687912087912088,FALSE
"SDEA",1.87888805450003e-05,8,NA,0.584493284493284,0.584493284493284,FALSE
"SDEB",0.0037565440121851,52,NA,0.90952380952381,0.90952380952381,FALSE
"SDEX",0.000395816091242883,45,NA,0.873626373626374,0.873626373626374,FALSE
"SDEY",0.000785579523788338,47,NA,0.884493284493284,0.884493284493284,FALSE
"SDIA",5.26472826701562e-05,4,NA,0.543223443223443,0.543223443223443,FALSE
"SED",0.000302087618790041,41,NA,0.85042735042735,0.85042735042735,FALSE
"SFC",5.23334147678648e-06,4,NA,0.543223443223443,0.543223443223443,FALSE
"SFH",1.80369486893902e-06,1,NA,NA,NA,FALSE
"SFH1",1.80369486893902e-06,1,NA,NA,NA,FALSE
"SFO",1.66176636910177e-05,9,NA,0.594505494505495,0.594505494505495,FALSE
"SGM",0.000254255690514352,32,NA,0.791086691086691,0.791086691086691,FALSE
"SHV",0.00225066842124747,51,NA,0.904761904761905,0.904761904761905,FALSE
"SILA",0.00168819943955882,61,NA,0.946886446886447,0.946886446886447,FALSE
"SILB",0.000367200525708127,31,NA,0.783882783882784,0.783882783882784,FALSE
"SILC",0.00104593497730685,27,NA,0.296703296703297,0.296703296703297,TRUE
"SILE",0.000312414599660143,8,NA,0.584493284493284,0.584493284493284,FALSE
"SILF",0.00034481089590768,4,NA,0.543223443223443,0.543223443223443,FALSE
"SILP",0.000898561922394822,45,NA,0.873626373626374,0.873626373626374,FALSE
"SILS",0.000369066755941892,36,NA,0.818681318681319,0.818681318681319,FALSE
"SITA",0.000121983156403939,17,NA,0.67020757020757,0.67020757020757,FALSE
"SITB",0.000668117192250323,46,NA,0.879120879120879,0.879120879120879,FALSE
"SITC",0.000211568748465988,22,NA,0.713553113553114,0.713553113553114,FALSE
"SITD",0.000248171104228827,34,NA,0.805128205128205,0.805128205128205,FALSE
"SMB",0.000199613509209314,33,NA,0.798168498168498,0.798168498168498,FALSE
"SMDA",0.00243148247626264,57,NA,0.626373626373626,0.626373626373626,FALSE
"SMDB",0.00304180852160919,66,NA,0.963369963369963,0.963369963369963,FALSE
"SME",0.0156065028416439,69,NA,0.286446886446887,0.286446886446887,TRUE
"SMET",0.000619879930707157,42,NA,0.461538461538462,0.461538461538462,TRUE
"SMFY",0.00170350424457325,54,NA,0.918681318681319,0.918681318681319,FALSE
"SMR",5.07884534830537e-05,19,NA,0.687912087912088,0.687912087912088,FALSE
"SMRA",0.00387277055052937,56,NA,0.927350427350427,0.927350427350427,FALSE
"SMTB",8.66604954265517e-06,5,NA,0.553724053724054,0.553724053724054,FALSE
"SMVA",0.000244260315697116,35,NA,0.811965811965812,0.811965811965812,FALSE
"SODA",0.00199268509784209,59,NA,0.939438339438339,0.939438339438339,FALSE
"SODB",0.0024207759844167,62,NA,0.230891330891331,0.230891330891331,TRUE
"SOXR",0.000321269107755273,40,NA,0.844322344322344,0.844322344322344,FALSE
"SOXRB",0.00082983371603517,19,NA,0.687912087912088,0.687912087912088,FALSE
"SOXS",0.000427067261322554,18,NA,0.679120879120879,0.679120879120879,FALSE
"SRMB",0.00259761254732107,59,NA,0.648351648351648,0.648351648351648,FALSE
"SRT",0.00175110998027832,52,NA,0.90952380952381,0.90952380952381,FALSE
"SSME",1.95078789833215e-05,10,NA,0.604395604395604,0.604395604395604,FALSE
"STA",0.000249252032424767,33,NA,0.798168498168498,0.798168498168498,FALSE
"SUGE",0.000873903178229118,34,NA,0.805128205128205,0.805128205128205,FALSE
"SULI",0.000839189533945306,44,NA,0.868009768009768,0.868009768009768,FALSE
"SULII",0.00243845165501184,48,NA,0.88974358974359,0.88974358974359,FALSE
"SULIV",7.65092597557253e-05,18,NA,0.679120879120879,0.679120879120879,FALSE
"SULR",5.65022035419148e-05,21,NA,0.705128205128205,0.705128205128205,FALSE
"SULX",3.43760360557292e-05,15,NA,0.652014652014652,0.652014652014652,FALSE
"TAEA",0.000617679790838182,44,NA,0.868009768009768,0.868009768009768,FALSE
"TAP",0.000508935088016181,43,NA,0.862271062271062,0.862271062271062,FALSE
"TBTA",0.000265575506351477,34,NA,0.805128205128205,0.805128205128205,FALSE
"TBTB",0.00172866919822481,55,NA,0.604395604395604,0.604395604395604,FALSE
"TBTM",0.00122808646170403,48,NA,0.88974358974359,0.88974358974359,FALSE
"TBTR",0.000204087991908852,37,NA,0.825274725274725,0.825274725274725,FALSE
"TCMA",0.000795900822632641,46,NA,0.879120879120879,0.879120879120879,FALSE
"TCR3",0.00205831372011197,52,NA,0.90952380952381,0.90952380952381,FALSE
"TCRB",0.00026874560633782,19,NA,0.687912087912088,0.687912087912088,FALSE
"TEHA",0.00109845282640206,20,NA,0.696581196581197,0.696581196581197,FALSE
"TEHB",0.000869250674876949,26,NA,0.746031746031746,0.746031746031746,FALSE
"TEM",0.000187825032505552,14,NA,0.642735042735043,0.642735042735043,FALSE
"TER",0.000439384614193946,37,NA,0.825274725274725,0.825274725274725,FALSE
"TERE",0.000284300727322629,14,NA,0.642735042735043,0.642735042735043,FALSE
"TERZ",0.000111893571834596,9,NA,0.594505494505495,0.594505494505495,FALSE
"TET30",0.000327641355552566,39,NA,0.838095238095238,0.838095238095238,FALSE
"TET33",0.000579571229141724,39,NA,0.428571428571429,0.428571428571429,TRUE
"TET38",0.00015600453208498,8,NA,0.584493284493284,0.584493284493284,FALSE
"TET40",0.00133986061588945,30,NA,0.776556776556776,0.776556776556776,FALSE
"TET42",0.00141205234833506,47,NA,0.884493284493284,0.884493284493284,FALSE
"TET43",0.000712401246666168,43,NA,0.862271062271062,0.862271062271062,FALSE
"TET47",3.79449419248872e-05,15,NA,0.652014652014652,0.652014652014652,FALSE
"TET51",8.33164630245027e-06,5,NA,0.553724053724054,0.553724053724054,FALSE
"TET52",1.08398125087589e-05,5,NA,0.553724053724054,0.553724053724054,FALSE
"TET54",2.77699668890353e-05,9,NA,0.594505494505495,0.594505494505495,FALSE
"TET57",4.14739162742008e-05,16,NA,0.661172161172161,0.661172161172161,FALSE
"TET58",0.000119828783512593,34,NA,0.805128205128205,0.805128205128205,FALSE
"TETA",0.00460561305986371,59,NA,0.208913308913309,0.208913308913309,TRUE
"TETA46",4.66607754149844e-05,19,NA,0.687912087912088,0.687912087912088,FALSE
"TETA60",3.22830069910201e-05,6,NA,0.564102564102564,0.564102564102564,FALSE
"TETB",0.00077935214746273,37,NA,0.406593406593407,0.406593406593407,TRUE
"TETB46",0.000146389320636017,9,NA,0.594505494505495,0.594505494505495,FALSE
"TETB60",5.58672774279983e-05,11,NA,0.614163614163614,0.614163614163614,FALSE
"TETC",0.0007017634882301,43,NA,0.862271062271062,0.862271062271062,FALSE
"TETD",0.000389824613630711,21,NA,0.705128205128205,0.705128205128205,FALSE
"TETE",6.02815994047585e-06,3,NA,0.532600732600733,0.532600732600733,FALSE
"TETG",0.000485276432189115,42,NA,0.856410256410256,0.856410256410256,FALSE
"TETH",0.000839561061719007,11,NA,0.614163614163614,0.614163614163614,FALSE
"TETJ",1.70366482631118e-05,7,NA,0.574358974358974,0.574358974358974,FALSE
"TETL",0.0108234465787188,45,NA,0.120879120879121,0.120879120879121,TRUE
"TETM",0.000951357261628568,33,NA,0.362637362637363,0.362637362637363,TRUE
"TETO",0.00603559730325423,61,NA,0.946886446886447,0.946886446886447,FALSE
"TETQ",0.00984088885919636,39,NA,0.428571428571429,0.428571428571429,TRUE
"TETS",0.000245028077864934,5,NA,0.553724053724054,0.553724053724054,FALSE
"TETT",3.52348198706675e-05,12,NA,0.623809523809524,0.623809523809524,FALSE
"TETV",0.00111896644678285,48,NA,0.527472527472527,0.527472527472527,FALSE
"TETW",0.0121148786970851,66,NA,0.725274725274725,0.725274725274725,FALSE
"TETX",0.000233036355627171,29,NA,0.769108669108669,0.769108669108669,FALSE
"TETY",5.46033837819441e-05,12,NA,0.623809523809524,0.623809523809524,FALSE
"TETZ",0.000428170723699504,39,NA,0.838095238095238,0.838095238095238,FALSE
"THINB",0.00084543078235391,46,NA,0.505494505494505,0.505494505494505,FALSE
"TLA",0.000132432194022435,26,NA,0.746031746031746,0.746031746031746,FALSE
"TLMB",0.000698874190477778,45,NA,0.873626373626374,0.873626373626374,FALSE
"TLRC",0.00380071378835556,57,NA,0.194871794871795,0.194871794871795,TRUE
"TLRCM",0.00264649246594679,51,NA,0.56043956043956,0.56043956043956,FALSE
"TOLC",0.002888993600043,48,NA,0.527472527472527,0.527472527472527,FALSE
"TOLCSM",0.000909398184897471,47,NA,0.884493284493284,0.884493284493284,FALSE
"TRGA",0.000273141302380078,32,NA,0.791086691086691,0.791086691086691,FALSE
"TRGB",0.000940711922026525,48,NA,0.88974358974359,0.88974358974359,FALSE
"TRIA",0.0011803164685253,48,NA,0.88974358974359,0.88974358974359,FALSE
"TRIB",0.000697794588588058,49,NA,0.894871794871795,0.894871794871795,FALSE
"TRIC",0.0036218087548297,58,NA,0.935531135531136,0.935531135531136,FALSE
"TRICP",3.35332518252403e-05,6,NA,0.564102564102564,0.564102564102564,FALSE
"TROA",2.96895117017468e-05,3,NA,0.532600732600733,0.532600732600733,FALSE
"TROB",0.000686872205317013,49,NA,0.894871794871795,0.894871794871795,FALSE
"TROC",7.09658888107898e-06,5,NA,0.553724053724054,0.553724053724054,FALSE
"TROD",2.19434333918612e-05,9,NA,0.594505494505495,0.594505494505495,FALSE
"TRU",0.000160794908475198,26,NA,0.746031746031746,0.746031746031746,FALSE
"TTGA",0.000561837495323985,46,NA,0.879120879120879,0.879120879120879,FALSE
"TTGB",0.00265150640483434,56,NA,0.927350427350427,0.927350427350427,FALSE
"TTGC",0.000622354470769319,46,NA,0.879120879120879,0.879120879120879,FALSE
"TTGE",0.000895552196128473,51,NA,0.56043956043956,0.56043956043956,FALSE
"TTGF",0.0003926182560797,35,NA,0.811965811965812,0.811965811965812,FALSE
"TTGG",0.000137896797311307,31,NA,0.783882783882784,0.783882783882784,FALSE
"TTGR",0.000125998297315976,27,NA,0.753846153846154,0.753846153846154,FALSE
"TTGT",0.000298428968046084,19,NA,0.687912087912088,0.687912087912088,FALSE
"TTGV",8.1678975492003e-05,18,NA,0.679120879120879,0.679120879120879,FALSE
"TUNR",0.000211995791865451,32,NA,0.791086691086691,0.791086691086691,FALSE
"TUPC",3.32126561842871e-05,4,NA,0.543223443223443,0.543223443223443,FALSE
"UGD",0.000645256739303762,20,NA,0.696581196581197,0.696581196581197,FALSE
"VAN",6.03873911776558e-06,3,NA,0.532600732600733,0.532600732600733,FALSE
"VANA",0.00131867356186549,47,NA,0.884493284493284,0.884493284493284,FALSE
"VANB",1.00890043136295e-05,5,NA,0.553724053724054,0.553724053724054,FALSE
"VANC",0.000122466521868297,17,NA,0.67020757020757,0.67020757020757,FALSE
"VAND",4.69499939915501e-05,16,NA,0.661172161172161,0.661172161172161,FALSE
"VANHA",0.00102925364535037,49,NA,0.894871794871795,0.894871794871795,FALSE
"VANHB",5.60482227648011e-05,9,NA,0.594505494505495,0.594505494505495,FALSE
"VANHD",0.00174477581383164,55,NA,0.604395604395604,0.604395604395604,FALSE
"VANI",0.000195136154212097,33,NA,0.798168498168498,0.798168498168498,FALSE
"VANK",0.000625362669748728,44,NA,0.868009768009768,0.868009768009768,FALSE
"VANRA",0.000156451535609871,31,NA,0.783882783882784,0.783882783882784,FALSE
"VANRB",0.000318001436675973,26,NA,0.746031746031746,0.746031746031746,FALSE
"VANRC",0.00081660334184964,16,NA,0.661172161172161,0.661172161172161,FALSE
"VANRD",4.82898630246767e-05,4,NA,0.543223443223443,0.543223443223443,FALSE
"VANRI",0.000286927623654244,4,NA,0.543223443223443,0.543223443223443,FALSE
"VANRL",2.38115081018657e-05,1,NA,NA,NA,FALSE
"VANRO",0.000705704117407707,44,NA,0.868009768009768,0.868009768009768,FALSE
"VANSA",0.000228120663912169,9,NA,0.594505494505495,0.594505494505495,FALSE
"VANSC",0.000253475087107307,32,NA,0.351648351648352,0.351648351648352,TRUE
"VANSD",0.000439016393410892,37,NA,0.825274725274725,0.825274725274725,FALSE
"VANSL",8.17026839331671e-05,1,NA,NA,NA,FALSE
"VANSO",0.000666045752207959,44,NA,0.868009768009768,0.868009768009768,FALSE
"VANTC",0.000140056035271541,31,NA,0.783882783882784,0.783882783882784,FALSE
"VANTG",0.000176087834955786,27,NA,0.753846153846154,0.753846153846154,FALSE
"VANTRL",2.38115081018657e-05,1,NA,NA,NA,FALSE
"VANWB",0.000429534012692046,10,NA,0.604395604395604,0.604395604395604,FALSE
"VANWI",0.00013472526511188,30,NA,0.776556776556776,0.776556776556776,FALSE
"VANXA",0.000700303147274658,47,NA,0.884493284493284,0.884493284493284,FALSE
"VANXB",0.000231656325036442,35,NA,0.811965811965812,0.811965811965812,FALSE
"VANXD",7.33966593875695e-05,5,NA,0.553724053724054,0.553724053724054,FALSE
"VANXM",0.000807553072508377,44,NA,0.868009768009768,0.868009768009768,FALSE
"VANXYC",0.000154787423632281,14,NA,0.642735042735043,0.642735042735043,FALSE
"VANYA",0.000600282155539663,40,NA,0.844322344322344,0.844322344322344,FALSE
"VANYD",0.000218642719845528,12,NA,0.623809523809524,0.623809523809524,FALSE
"VANYF",2.04054919080081e-05,8,NA,0.584493284493284,0.584493284493284,FALSE
"VATB",7.48436856927544e-05,4,NA,0.543223443223443,0.543223443223443,FALSE
"VATE",0.000152159386479606,4,NA,0.543223443223443,0.543223443223443,FALSE
"VATF",3.21478816958902e-05,10,NA,0.604395604395604,0.604395604395604,FALSE
"VATI",2.96936032577093e-05,12,NA,0.623809523809524,0.623809523809524,FALSE
"VCAM",0.000430601806313735,22,NA,0.713553113553114,0.713553113553114,FALSE
"VCC",4.8724228568386e-05,12,NA,0.623809523809524,0.623809523809524,FALSE
"VCEA",0.00015916083645578,6,NA,0.065934065934066,0.065934065934066,TRUE
"VCEB",2.06312572924978e-06,2,NA,0.521855921855922,0.521855921855922,FALSE
"VCEC",5.30032460171225e-05,15,NA,0.652014652014652,0.652014652014652,FALSE
"VCMA",8.53518698361993e-05,22,NA,0.713553113553114,0.713553113553114,FALSE
"VCRM",0.000264771669894797,24,NA,0.73003663003663,0.73003663003663,FALSE
"VEB",0.000204680774679687,15,NA,0.652014652014652,0.652014652014652,FALSE
"VEXB",0.000407949949037823,24,NA,0.73003663003663,0.73003663003663,FALSE
"VEXC",0.000109801984560108,17,NA,0.67020757020757,0.67020757020757,FALSE
"VEXD",0.000402208829413692,40,NA,0.43956043956044,0.43956043956044,TRUE
"VEXE",0.000174366129759373,38,NA,0.831746031746032,0.831746031746032,FALSE
"VEXF",0.000120919722939908,26,NA,0.746031746031746,0.746031746031746,FALSE
"VEXH",6.40277760169495e-05,14,NA,0.642735042735043,0.642735042735043,FALSE
"VEXK",0.000243832584345693,8,NA,0.584493284493284,0.584493284493284,FALSE
"VGA",0.00074402690014076,13,NA,0.633333333333333,0.633333333333333,FALSE
"VIM",0.00047768277860329,41,NA,0.85042735042735,0.85042735042735,FALSE
"VMEA",4.60389454844403e-05,8,NA,0.584493284493284,0.584493284493284,FALSE
"VMEB",0.000210619243772604,26,NA,0.746031746031746,0.746031746031746,FALSE
"VMEC",2.53787782656143e-05,1,NA,NA,NA,FALSE
"VMED",0.000172011425502479,31,NA,0.783882783882784,0.783882783882784,FALSE
"VMEF",0.000279464173855323,26,NA,0.285714285714286,0.285714285714286,TRUE
"VMEH",5.15218077413994e-06,3,NA,0.532600732600733,0.532600732600733,FALSE
"VMEI",0.000199697131138757,36,NA,0.818681318681319,0.818681318681319,FALSE
"VMEJ",2.06606787279439e-05,12,NA,0.623809523809524,0.623809523809524,FALSE
"VMEK",0.000303228924170495,39,NA,0.838095238095238,0.838095238095238,FALSE
"VMEP",0.000397428477262775,12,NA,0.623809523809524,0.623809523809524,FALSE
"VMEQ",0.000363149237768158,38,NA,0.831746031746032,0.831746031746032,FALSE
"VMEY",0.000259202510759153,5,NA,0.553724053724054,0.553724053724054,FALSE
"VMEZ",0.000206785190021507,24,NA,0.73003663003663,0.73003663003663,FALSE
"VMRA",2.22277657521617e-05,11,NA,0.614163614163614,0.614163614163614,FALSE
"VPH",0.000605549663887817,44,NA,0.868009768009768,0.868009768009768,FALSE
"YBTP",0.00108201977158211,47,NA,0.884493284493284,0.884493284493284,FALSE
"YBTQ",0.000600153411209923,44,NA,0.483516483516483,0.483516483516483,TRUE
"YCNJ",0.000409745854387709,26,NA,0.746031746031746,0.746031746031746,FALSE
"YDDG",9.91768807626566e-05,11,NA,0.614163614163614,0.614163614163614,FALSE
"YDEI",0.00014502391353435,19,NA,0.687912087912088,0.687912087912088,FALSE
"YDEO",0.000399314527279374,14,NA,0.642735042735043,0.642735042735043,FALSE
"YDEP",0.00274452032022732,58,NA,0.935531135531136,0.935531135531136,FALSE
"YFEA",5.84796982010889e-05,15,NA,0.652014652014652,0.652014652014652,FALSE
"YFEB",8.36464095537919e-05,27,NA,0.753846153846154,0.753846153846154,FALSE
"YFMO",0.000580450807321232,43,NA,0.862271062271062,0.862271062271062,FALSE
"YFMP",4.6662364610119e-05,4,NA,0.543223443223443,0.543223443223443,FALSE
"YGIW",0.00129370241542405,58,NA,0.935531135531136,0.935531135531136,FALSE
"YGJH",0.00174986476445581,37,NA,0.825274725274725,0.825274725274725,FALSE
"YHCN",0.000583803513401714,16,NA,0.175824175824176,0.175824175824176,TRUE
"YIEF",0.00107254205113386,33,NA,0.798168498168498,0.798168498168498,FALSE
"YJCG",0.00423814565640045,67,NA,0.966300366300366,0.966300366300366,FALSE
"YODB",0.000423054177109938,17,NA,0.67020757020757,0.67020757020757,FALSE
"YOGI",0.00292719712793801,48,NA,0.88974358974359,0.88974358974359,FALSE
"ZBMA",6.25992443439456e-05,10,NA,0.604395604395604,0.604395604395604,FALSE
"ZIAA",2.70124251076787e-05,11,NA,0.614163614163614,0.614163614163614,FALSE
"ZINT",0.000523538999431321,12,NA,0.623809523809524,0.623809523809524,FALSE
"ZIPB",0.00161213523437018,54,NA,0.918681318681319,0.918681318681319,FALSE
"ZITB",0.000732491438273088,28,NA,0.761538461538461,0.761538461538461,FALSE
"ZNEB",0.00104328307864738,49,NA,0.894871794871795,0.894871794871795,FALSE
"ZNTA",0.00444645346204387,70,NA,0.769230769230769,0.769230769230769,FALSE
"ZNTR",0.000609241884434469,14,NA,0.642735042735043,0.642735042735043,FALSE
"ZNUA",0.00101422767330844,38,NA,0.831746031746032,0.831746031746032,FALSE
"ZNUB",0.00162357903967708,25,NA,0.738095238095238,0.738095238095238,FALSE
"ZNUC",0.00102053095055597,47,NA,0.884493284493284,0.884493284493284,FALSE
"ZRAR",0.00310428650715388,56,NA,0.615384615384615,0.615384615384615,FALSE
"ZRAS",0.00135734815617642,36,NA,0.395604395604396,0.395604395604396,TRUE
"ZUPT",0.000818371452834939,17,NA,0.67020757020757,0.67020757020757,FALSE
"ZUR",0.00114218570428899,31,NA,0.783882783882784,0.783882783882784,FALSE
"ABAQ",1.180876396028e-05,6,NA,0.564102564102564,0.564102564102564,FALSE
"AIOB",2.90657299369344e-05,11,NA,0.614163614163614,0.614163614163614,FALSE
"BFRA",1.04532729073193e-05,5,NA,0.553724053724054,0.553724053724054,FALSE
"CLBB",4.02249265136184e-06,2,NA,0.521855921855922,0.521855921855922,FALSE
"CMEF",7.59943549749258e-06,5,NA,0.553724053724054,0.553724053724054,FALSE
"CZNA",8.86514993156527e-06,4,NA,0.543223443223443,0.543223443223443,FALSE
"CZNB",4.50369302828319e-06,1,NA,NA,NA,FALSE
"DFRF",5.79252479095325e-05,5,NA,0.553724053724054,0.553724053724054,FALSE
"DFRG",6.06099225714242e-06,2,NA,0.521855921855922,0.521855921855922,FALSE
"ERMD",4.8674125707169e-06,3,NA,0.532600732600733,0.532600732600733,FALSE
"FOSB",6.72749095282949e-05,5,NA,0.553724053724054,0.553724053724054,FALSE
"MDRL",5.18646180492665e-05,5,NA,0.553724053724054,0.553724053724054,FALSE
"MECI",0.000232358969740506,4,NA,0.543223443223443,0.543223443223443,FALSE
"NREB",4.52891693903927e-05,7,NA,0.574358974358974,0.574358974358974,FALSE
"OHIO",1.64116568096955e-05,4,NA,0.543223443223443,0.543223443223443,FALSE
"ORN",1.49193995387853e-05,5,NA,0.553724053724054,0.553724053724054,FALSE
"OSCA",2.81458805630084e-05,2,NA,0.521855921855922,0.521855921855922,FALSE
"PATB",0.000218810457366569,6,NA,0.564102564102564,0.564102564102564,FALSE
"PEXA",1.52715764903674e-05,7,NA,0.574358974358974,0.574358974358974,FALSE
"PSV",7.86789426718927e-06,4,NA,0.543223443223443,0.543223443223443,FALSE
"QNRE",1.86474165549317e-05,5,NA,0.553724053724054,0.553724053724054,FALSE
"RAMA",2.09033163779336e-05,4,NA,0.543223443223443,0.543223443223443,FALSE
"ROB",0.000104872964762988,2,NA,0.521855921855922,0.521855921855922,FALSE
"SILR",0.000415225345242528,8,NA,0.0879120879120877,0.0879120879120877,TRUE
"SULIII",2.76453106641786e-05,1,NA,NA,NA,FALSE
"TERD",1.72460211735944e-05,7,NA,0.574358974358974,0.574358974358974,FALSE
"TET31",9.72478848585044e-05,1,NA,NA,NA,FALSE
"TET32",3.08969215680139e-05,3,NA,0.532600732600733,0.532600732600733,FALSE
"TET44",7.21433711343615e-05,4,NA,0.543223443223443,0.543223443223443,FALSE
"TET56",4.62766428370213e-05,14,NA,0.642735042735043,0.642735042735043,FALSE
"TTU",3.28422324835953e-06,1,NA,NA,NA,FALSE
"VANG",0.000551426276993902,9,NA,0.594505494505495,0.594505494505495,FALSE
"VANRG",0.000222500791899052,2,NA,0.521855921855922,0.521855921855922,FALSE
"VPOC",0.00022328687624239,3,NA,0.532600732600733,0.532600732600733,FALSE
"YFEC",0.000203669714447886,3,NA,0.532600732600733,0.532600732600733,FALSE
"ABAF",4.46542344487137e-05,2,NA,0.521855921855922,0.521855921855922,FALSE
"ARLS",3.25324148666545e-05,2,NA,0.521855921855922,0.521855921855922,FALSE
"ARSRM",3.81153440299795e-05,5,NA,0.553724053724054,0.553724053724054,FALSE
"BAT",1.91189868184197e-05,3,NA,0.532600732600733,0.532600732600733,FALSE
"CADC",0.000229529299296741,2,NA,0.521855921855922,0.521855921855922,FALSE
"CDEA",3.93805784733978e-05,3,NA,0.532600732600733,0.532600732600733,FALSE
"CMEC",4.02591937531e-05,3,NA,0.532600732600733,0.532600732600733,FALSE
"DFRE",5.64835334662305e-05,4,NA,0.543223443223443,0.543223443223443,FALSE
"DHAP",4.95865128460646e-05,4,NA,0.543223443223443,0.543223443223443,FALSE
"EBRB",2.75267158783563e-05,2,NA,0.521855921855922,0.521855921855922,FALSE
"EMEA",0.000205433409152548,7,NA,0.574358974358974,0.574358974358974,FALSE
"ERM42",6.38895987733197e-05,1,NA,NA,NA,FALSE
"ERMA",3.53928817307735e-05,3,NA,0.532600732600733,0.532600732600733,FALSE
"LIN",7.1488790544045e-05,4,NA,0.543223443223443,0.543223443223443,FALSE
"LMRP",0.000575006388959878,1,NA,NA,NA,FALSE
"MNTA",3.55196492548047e-05,2,NA,0.521855921855922,0.521855921855922,FALSE
"MPH",3.8587891183289e-05,2,NA,0.521855921855922,0.521855921855922,FALSE
"MSRC",5.15709307535043e-05,3,NA,0.532600732600733,0.532600732600733,FALSE
"MUPB",3.47753512310474e-05,1,NA,NA,NA,FALSE
"NORB",4.24007326679905e-05,3,NA,0.532600732600733,0.532600732600733,FALSE
"NORBD",0.000107654744513429,4,NA,0.543223443223443,0.543223443223443,FALSE
"PERR",5.62284433499532e-05,3,NA,0.532600732600733,0.532600732600733,FALSE
"RTG",3.65785961196284e-05,2,NA,0.521855921855922,0.521855921855922,FALSE
"SALA",5.21168329387507e-05,2,NA,0.521855921855922,0.521855921855922,FALSE
"TERC",0.000375938283824761,9,NA,0.594505494505495,0.594505494505495,FALSE
"TET34",4.63977848524234e-05,2,NA,0.521855921855922,0.521855921855922,FALSE
"TET49",1.75351084728228e-05,3,NA,0.532600732600733,0.532600732600733,FALSE
"TET53",5.65344532077061e-05,3,NA,0.532600732600733,0.532600732600733,FALSE
"TET55",3.47753512310474e-05,1,NA,NA,NA,FALSE
"TMRB",3.43386408394915e-05,5,NA,0.553724053724054,0.553724053724054,FALSE
"TUPA",1.27326590193363e-05,2,NA,0.521855921855922,0.521855921855922,FALSE
"VANRN",1.63770655573934e-05,1,NA,NA,NA,FALSE
"VATA",3.47753512310474e-05,1,NA,NA,NA,FALSE
"VMEU",0.000131357086082419,4,NA,0.543223443223443,0.543223443223443,FALSE
"VMLR",0.000104012315603113,8,NA,0.584493284493284,0.584493284493284,FALSE
"YCHH",0.000347280693002562,11,NA,0.614163614163614,0.614163614163614,FALSE
"YCNK",0.000254193093009504,9,NA,0.594505494505495,0.594505494505495,FALSE
"YFED",0.000145773483290156,6,NA,0.564102564102564,0.564102564102564,FALSE
"YKKC",7.12960544921683e-05,4,NA,0.543223443223443,0.543223443223443,FALSE
"ABUO",2.10456975754304e-06,1,NA,NA,NA,FALSE
"ACI",1.2070806454446e-05,6,NA,0.564102564102564,0.564102564102564,FALSE
"ADEH",1.18242012158809e-05,3,NA,0.532600732600733,0.532600732600733,FALSE
"ADET1",4.85458699085391e-06,3,NA,0.532600732600733,0.532600732600733,FALSE
"ARMA",3.40744526791039e-06,1,NA,NA,NA,FALSE
"ARSD",5.4848871401822e-06,2,NA,0.521855921855922,0.521855921855922,FALSE
"BBI",2.4653041314224e-06,2,NA,0.521855921855922,0.521855921855922,FALSE
"BEL",6.59647833289549e-06,2,NA,0.521855921855922,0.521855921855922,FALSE
"ERMQ",0.000138065891272605,3,NA,0.532600732600733,0.532600732600733,FALSE
"GIL",3.78996757682738e-06,1,NA,NA,NA,FALSE
"MEXT",3.84826549424785e-06,3,NA,0.532600732600733,0.532600732600733,FALSE
"MIR",3.93473884604683e-05,8,NA,0.584493284493284,0.584493284493284,FALSE
"MPHC",1.35507873346211e-06,1,NA,NA,NA,FALSE
"MUPA",4.12581035350517e-05,3,NA,0.532600732600733,0.532600732600733,FALSE
"NCRB",4.18438178247935e-05,11,NA,0.614163614163614,0.614163614163614,FALSE
"NCRY",1.56813920958517e-05,8,NA,0.584493284493284,0.584493284493284,FALSE
"NIRD",1.03452000799229e-05,6,NA,0.564102564102564,0.564102564102564,FALSE
"NORA",0.000168078561343687,4,NA,0.543223443223443,0.543223443223443,FALSE
"OMPD",2.74355045578e-06,2,NA,0.521855921855922,0.521855921855922,FALSE
"PER",8.5003674669059e-05,5,NA,0.553724053724054,0.553724053724054,FALSE
"QNRC",1.83150183150183e-05,1,NA,NA,NA,FALSE
"QNRD",1.27802635074674e-05,5,NA,0.553724053724054,0.553724053724054,FALSE
"TERB",5.98445684171248e-06,3,NA,0.532600732600733,0.532600732600733,FALSE
"TET39",0.000346661945779459,3,NA,0.532600732600733,0.532600732600733,FALSE
"TET45",4.17501835931409e-06,2,NA,0.521855921855922,0.521855921855922,FALSE
"TETK",6.25524733968506e-05,3,NA,0.532600732600733,0.532600732600733,FALSE
"VANSM",9.27805371001297e-06,5,NA,0.553724053724054,0.553724053724054,FALSE
"VANTE",3.8967720349565e-06,2,NA,0.521855921855922,0.521855921855922,FALSE
"VANTN",3.80790118697424e-06,2,NA,0.521855921855922,0.521855921855922,FALSE
"VEXA",3.40744526791039e-06,1,NA,NA,NA,FALSE
"VGAE",1.83150183150183e-05,1,NA,NA,NA,FALSE
"YJAA",2.00223458582291e-05,2,NA,0.521855921855922,0.521855921855922,FALSE
"ARSDM",1.5220236826885e-05,1,NA,NA,NA,FALSE
"BCRCM",2.54169330149439e-06,1,NA,NA,NA,FALSE
"BLTD",3.01393464415836e-05,3,NA,0.532600732600733,0.532600732600733,FALSE
"CCRA",5.08338660298877e-06,1,NA,NA,NA,FALSE
"CFRB",2.65547024779507e-05,3,NA,0.532600732600733,0.532600732600733,FALSE
"CSOR",5.80451508785103e-05,3,NA,0.532600732600733,0.532600732600733,FALSE
"ERMC",1.75543306533722e-05,1,NA,NA,NA,FALSE
"ERMF",2.54169330149439e-06,1,NA,NA,NA,FALSE
"FBPB",1.04101006063872e-05,2,NA,0.521855921855922,0.521855921855922,FALSE
"FPH",0.000170372263395519,1,NA,NA,NA,FALSE
"HMRM",6.5544612132679e-06,2,NA,0.521855921855922,0.521855921855922,FALSE
"KHM",2.54169330149439e-06,1,NA,NA,NA,FALSE
"MCA",0.000175824175824176,1,NA,NA,NA,FALSE
"MEPR",2.6364360872777e-05,2,NA,0.521855921855922,0.521855921855922,FALSE
"MGRA",2.67578974946162e-05,2,NA,0.521855921855922,0.521855921855922,FALSE
"MYO",2.54169330149439e-06,1,NA,NA,NA,FALSE
"NRSS",9.6180039463299e-06,4,NA,0.543223443223443,0.543223443223443,FALSE
"PATA",3.72706744409845e-06,2,NA,0.521855921855922,0.521855921855922,FALSE
"QACEDELTA1",3.22063568357384e-06,2,NA,0.521855921855922,0.521855921855922,FALSE
"TCRA",3.17814159508854e-05,5,NA,0.553724053724054,0.553724053724054,FALSE
"TERW",2.66647028120749e-05,2,NA,0.521855921855922,0.521855921855922,FALSE
"TET35",2.74192126102631e-06,2,NA,0.521855921855922,0.521855921855922,FALSE
"TET50",0.000175824175824176,1,NA,NA,NA,FALSE
"TET59",2.54169330149439e-06,1,NA,NA,NA,FALSE
"TETBP",0.000563739253037018,2,NA,0.521855921855922,0.521855921855922,FALSE
"TMB",2.74192126102631e-06,2,NA,0.521855921855922,0.521855921855922,FALSE
"TVAA",0.000162965211389246,2,NA,0.521855921855922,0.521855921855922,FALSE
"VANRE",2.74192126102631e-06,2,NA,0.521855921855922,0.521855921855922,FALSE
"VANWA",3.43759191967912e-05,4,NA,0.543223443223443,0.543223443223443,FALSE
"VANYG",2.54169330149439e-06,1,NA,NA,NA,FALSE
"VGAB",2.74192126102631e-06,2,NA,0.521855921855922,0.521855921855922,FALSE
"VMEG",1.40924848573704e-05,6,NA,0.564102564102564,0.564102564102564,FALSE
"VMET",5.54527583824142e-06,2,NA,0.521855921855922,0.521855921855922,FALSE
"WTPC",1.50826098024816e-05,5,NA,0.553724053724054,0.553724053724054,FALSE
"ABEM",1.69491956335482e-06,1,NA,NA,NA,FALSE
"ACR3",2.65503610844191e-06,2,NA,0.521855921855922,0.521855921855922,FALSE
"ADEL",0.000203500203500204,1,NA,NA,NA,FALSE
"AZECL",9.57814955897411e-07,1,NA,NA,NA,FALSE
"CHRR",1.18537414260407e-06,1,NA,NA,NA,FALSE
"COAR",4.50703683839817e-06,3,NA,0.532600732600733,0.532600732600733,FALSE
"DFRK",1.91562991179482e-06,1,NA,NA,NA,FALSE
"EEFX",1.73273588599984e-06,1,NA,NA,NA,FALSE
"HUGA",1.76863751352433e-05,3,NA,0.532600732600733,0.532600732600733,FALSE
"LSAC",9.57814955897411e-07,1,NA,NA,NA,FALSE
"MECC",4.07924969215958e-06,2,NA,0.521855921855922,0.521855921855922,FALSE
"NCRBN",6.53022386549024e-06,3,NA,0.532600732600733,0.532600732600733,FALSE
"NCRYN",9.57814955897411e-07,1,NA,NA,NA,FALSE
"NIXA",2.74123223778671e-06,3,NA,0.532600732600733,0.532600732600733,FALSE
"SHN",1.11022539796029e-06,1,NA,NA,NA,FALSE
"VANSE",9.57814955897411e-07,1,NA,NA,NA,FALSE
"VANXO",8.51626873167076e-06,2,NA,0.521855921855922,0.521855921855922,FALSE
"VANXYE",1.54481071048162e-06,1,NA,NA,NA,FALSE
"VANYB",1.73273588599984e-06,1,NA,NA,NA,FALSE
"ZOG",8.36368062238271e-06,4,NA,0.543223443223443,0.543223443223443,FALSE
"ADEA",2.00227959531927e-07,1,NA,NA,NA,FALSE
"ADEC",3.0034193929789e-07,1,NA,NA,NA,FALSE
"ADEF",4.00455919063854e-07,1,NA,NA,NA,FALSE
"ALMG",2.00227959531927e-07,1,NA,NA,NA,FALSE
"ARSHN",0.000224465758347511,2,NA,0.521855921855922,0.521855921855922,FALSE
"BRO",2.00227959531927e-07,1,NA,NA,NA,FALSE
"CHRI",3.33000333000333e-05,1,NA,NA,NA,FALSE
"CMEE",2.00227959531927e-07,1,NA,NA,NA,FALSE
"CMER",2.00227959531927e-07,1,NA,NA,NA,FALSE
"CRDA",4.55662478371864e-06,2,NA,0.521855921855922,0.521855921855922,FALSE
"CRPP",2.70307745368102e-06,1,NA,NA,NA,FALSE
"CUEP",1.091242379449e-05,1,NA,NA,NA,FALSE
"DPR",1.04707108042029e-05,1,NA,NA,NA,FALSE
"ERM44",2.00227959531927e-07,1,NA,NA,NA,FALSE
"ERMB",1.66500166500167e-05,1,NA,NA,NA,FALSE
"FABK",2.00227959531927e-07,1,NA,NA,NA,FALSE
"FBPA",2.00227959531927e-07,1,NA,NA,NA,FALSE
"FEZ",2.00227959531927e-07,1,NA,NA,NA,FALSE
"HEFA",2.00227959531927e-07,1,NA,NA,NA,FALSE
"LNUG",2.00227959531927e-07,1,NA,NA,NA,FALSE
"M1",2.00227959531927e-07,1,NA,NA,NA,FALSE
"MCO",3.42121998892939e-05,2,NA,0.521855921855922,0.521855921855922,FALSE
"MECD",2.00227959531927e-07,1,NA,NA,NA,FALSE
"MEPA",3.90176709180601e-05,2,NA,0.521855921855922,0.521855921855922,FALSE
"PEDO",2.00227959531927e-07,1,NA,NA,NA,FALSE
"QACC",1.00113979765964e-07,1,NA,NA,NA,FALSE
"RMTE",2.00227959531927e-07,1,NA,NA,NA,FALSE
"SFB",3.58824848620767e-06,1,NA,NA,NA,FALSE
"TET36",2.00227959531927e-07,1,NA,NA,NA,FALSE
"TET48",2.00227959531927e-07,1,NA,NA,NA,FALSE
"VANE",4.35639682418672e-06,1,NA,NA,NA,FALSE
"VANSB",8.00911838127709e-07,1,NA,NA,NA,FALSE
"VANSG",2.00227959531927e-07,1,NA,NA,NA,FALSE
"VANTML",4.00455919063854e-07,1,NA,NA,NA,FALSE
"VGAD",3.0034193929789e-07,1,NA,NA,NA,FALSE
"VMEE",5.00569898829818e-07,1,NA,NA,NA,FALSE
"ADEI",0.00010366991499067,1,NA,NA,NA,FALSE
"CLBD",3.98369076998767e-06,1,NA,NA,NA,FALSE
"DFRD",0.00010366991499067,1,NA,NA,NA,FALSE
"GOB",0.000107733898344594,2,NA,0.521855921855922,0.521855921855922,FALSE
"MEFC",3.7698150905698e-05,1,NA,NA,NA,FALSE
"QACL",2.03199167696209e-06,1,NA,NA,NA,FALSE
"QNRS",3.49578844886623e-06,1,NA,NA,NA,FALSE
"SIM",2.03199167696209e-06,1,NA,NA,NA,FALSE
